a,b,a_to_b,b_to_a,magnitude,p_raw,complete_separation,p_holm
kaggle_malicious,ebbu2017,0.2951,0.6648,0.3697,0.0079,True,0.0794
phiusiil,hannousse,0.6746,0.8675,0.1929,0.0079,True,0.0794
phiusiil,kaggle_malicious,0.2157,0.4021,0.1864,0.0079,True,0.0794
mendeley_phishurl,hannousse,0.787,0.939,0.152,0.0079,True,0.0794
kaggle_malicious,hannousse,0.4506,0.5419,0.0912,0.0079,True,0.0794
mendeley_phishurl,ebbu2017,0.8746,0.9595,0.0849,0.0079,True,0.0794
hannousse,ebbu2017,0.9701,0.8902,0.0798,0.0079,True,0.0794
phiusiil,mendeley_phishurl,0.9245,0.9789,0.0544,0.0079,True,0.0794
mendeley_phishurl,kaggle_malicious,0.2445,0.1923,0.0522,0.0079,True,0.0794
phiusiil,ebbu2017,0.7097,0.7257,0.016,0.3095,False,0.3095
