kaggle_version,featset,within,to_phiusiil,from_phiusiil,to_mendeley_phishurl,from_mendeley_phishurl,to_hannousse,from_hannousse,to_ebbu2017,from_ebbu2017,cross_mean,inverted
kaggle_malicious,full,0.9486,0.4021,0.2157,0.1923,0.2445,0.4506,0.5419,0.2951,0.6648,0.3759,6
kaggle_malicious,targeted_ablation,0.8949,0.2663,0.2503,0.2711,0.2815,0.4448,0.5338,0.4384,0.5744,0.3826,6
kaggle_malicious,host_only,0.8098,0.2818,0.2756,0.1884,0.286,0.4002,0.4117,0.3558,0.4108,0.3263,8
kaggle_nophishstorm,full,0.9845,0.056,0.2095,0.2968,0.3361,0.5921,0.7096,0.5598,0.8975,0.4572,4
kaggle_nophishstorm,targeted_ablation,0.9413,0.491,0.2361,0.6252,0.4616,0.7022,0.7226,0.7142,0.7624,0.5894,3
kaggle_nophishstorm,host_only,0.7822,0.3553,0.4353,0.3822,0.4527,0.5057,0.6358,0.4944,0.6193,0.4851,5
kaggle_relabelled,full,0.9717,0.0609,0.3349,0.4101,0.4841,0.6527,0.8089,0.6784,0.9028,0.5416,4
kaggle_relabelled,targeted_ablation,0.9337,0.686,0.3527,0.7959,0.5499,0.797,0.8037,0.8307,0.8221,0.7048,1
kaggle_relabelled,host_only,0.7716,0.5481,0.4526,0.5333,0.4445,0.615,0.621,0.5926,0.6219,0.5536,2
