model,featset,within,cross,gap,n_within,n_cross,perm_p,cliffs_delta,inverted,min_cross,within_pr_auc,within_tpr_fpr_0.001,within_tpr_fpr_0.01,cross_pr_auc,cross_tpr_fpr_0.01
lr,full,0.9397,0.6236,0.3161,5,20,0.003049124788255223,0.74,8,0.0125,0.882,0.4594,0.5875,0.5767,0.2225
lr,host_only,0.8144,0.5697,0.2447,5,20,0.00922266139657444,0.7,8,0.146,0.7435,0.1484,0.3208,0.5462,0.1337
lr,targeted_ablation,0.891,0.6047,0.2863,5,20,0.0003199698851872765,0.9,7,0.1993,0.822,0.2633,0.4493,0.5648,0.1903
tfidf_lr,raw_string,0.9844,0.7267,0.2577,5,20,0.004648974214191606,0.74,5,0.1901,0.9672,0.6521,0.8263,0.6656,0.3399
xgb,full,0.9728,0.6654,0.3074,5,20,0.000639939770374553,0.88,6,0.1923,0.9563,0.6143,0.7581,0.6233,0.2351
xgb,host_only,0.847,0.5985,0.2485,5,20,0.007378129117259552,0.72,8,0.1884,0.7975,0.3027,0.4125,0.5529,0.1329
xgb,targeted_ablation,0.9492,0.6367,0.3125,5,20,0.00030114812723508374,0.9,6,0.2503,0.9089,0.4857,0.6431,0.5771,0.182
xgb_nowww,full,0.9535,0.6738,0.2797,5,20,0.0007528703180877094,0.86,3,0.0499,0.919,0.5506,0.6761,0.6087,0.2174
xgb_nowww,host_only,0.7134,0.6483,0.0651,5,20,0.06324110671936758,0.44,1,0.4599,0.6454,0.1189,0.2227,0.5686,0.1166
xgb_nowww,targeted_ablation,0.9084,0.7211,0.1874,5,20,0.004216073781291172,0.76,3,0.3386,0.8318,0.3006,0.491,0.6251,0.1865
