model,featset,variant,cross_mean,inverted,min,median_test_retained
lr,full,domain_dedup,0.625,8,0.0144,44165.0
lr,full,raw,0.6236,8,0.0125,60000.0
lr,full,url_dedup,0.6225,8,0.0125,59710.0
lr,host_only,domain_dedup,0.5629,8,0.1334,44165.0
lr,host_only,raw,0.5697,8,0.146,60000.0
lr,host_only,url_dedup,0.5694,8,0.146,59710.0
lr,targeted_ablation,domain_dedup,0.5859,8,0.2318,44165.0
lr,targeted_ablation,raw,0.6047,7,0.1993,60000.0
lr,targeted_ablation,url_dedup,0.6027,7,0.1993,59710.0
tfidf_lr,raw_string,domain_dedup,0.708,5,0.2283,44165.0
tfidf_lr,raw_string,raw,0.7267,5,0.1901,60000.0
tfidf_lr,raw_string,url_dedup,0.7232,5,0.1901,59710.0
xgb,full,domain_dedup,0.6551,7,0.1726,44165.0
xgb,full,raw,0.6654,6,0.1923,60000.0
xgb,full,url_dedup,0.6611,6,0.1925,59710.0
xgb,host_only,domain_dedup,0.5742,8,0.1756,44165.0
xgb,host_only,raw,0.5985,8,0.1884,60000.0
xgb,host_only,url_dedup,0.5932,8,0.1882,59710.0
xgb,targeted_ablation,domain_dedup,0.6152,7,0.2216,44165.0
xgb,targeted_ablation,raw,0.6367,6,0.2503,60000.0
xgb,targeted_ablation,url_dedup,0.6321,6,0.2501,59710.0
xgb_nowww,full,domain_dedup,0.6608,3,0.0465,44165.0
xgb_nowww,full,raw,0.6738,3,0.0499,60000.0
xgb_nowww,full,url_dedup,0.6687,3,0.0499,59710.0
xgb_nowww,host_only,domain_dedup,0.5923,1,0.4597,44165.0
xgb_nowww,host_only,raw,0.6483,1,0.4599,60000.0
xgb_nowww,host_only,url_dedup,0.6407,1,0.4598,59710.0
xgb_nowww,targeted_ablation,domain_dedup,0.684,3,0.331,44165.0
xgb_nowww,targeted_ablation,raw,0.7211,3,0.3386,60000.0
xgb_nowww,targeted_ablation,url_dedup,0.715,3,0.3383,59710.0
