model,featset,train,test,seed,kind,variant,n_test,n_pos,roc_auc,pr_auc,tpr_at_fpr_0.001,tpr_at_fpr_0.01
char_cnn,raw_string,phiusiil,phiusiil,42,within,raw,14924,8036,0.9994297944383838,0.9996533861256466,0.9980089596814335,0.998133399701344
char_cnn,raw_string,phiusiil,mendeley_phishurl,42,cross,raw,60000,18933,0.8692237506468166,0.6557002049257938,0.0,0.0
char_cnn,raw_string,phiusiil,mendeley_phishurl,42,cross,url_dedup,59776,18757,0.8691940225589384,0.6538891111555587,0.0,0.0
char_cnn,raw_string,phiusiil,mendeley_phishurl,42,cross,domain_dedup,51556,13187,0.8804736800822555,0.6066517130723584,0.0,0.0
char_cnn,raw_string,phiusiil,kaggle_malicious,42,cross,raw,60000,10831,0.3475421903505187,0.1401030513090628,0.0,0.0
char_cnn,raw_string,phiusiil,kaggle_malicious,42,cross,url_dedup,59966,10829,0.3474287543850896,0.1401333393107867,0.0,0.0
char_cnn,raw_string,phiusiil,kaggle_malicious,42,cross,domain_dedup,55591,9508,0.3400866783499631,0.1307908752518831,0.0,0.0
char_cnn,raw_string,phiusiil,hannousse,42,cross,raw,11430,5715,0.6466945896854757,0.5881452453762236,0.0,0.0
char_cnn,raw_string,phiusiil,hannousse,42,cross,url_dedup,11367,5698,0.6452369673396311,0.5883656727667639,0.0,0.0
char_cnn,raw_string,phiusiil,hannousse,42,cross,domain_dedup,9512,4332,0.6537751517841547,0.5495824841298,0.0,0.0
char_cnn,raw_string,phiusiil,ebbu2017,42,cross,raw,60000,30360,0.6087058753127117,0.5673175996194747,0.0,0.0
char_cnn,raw_string,phiusiil,ebbu2017,42,cross,url_dedup,59963,30360,0.6086779586532843,0.5676066004836372,0.0,0.0
char_cnn,raw_string,phiusiil,ebbu2017,42,cross,domain_dedup,57229,29934,0.6092372793327222,0.5843343898300878,0.0,0.0
char_cnn,raw_string,phiusiil,phiusiil,43,within,raw,11624,4673,0.9981488837687236,0.99840122245461,0.9952921035737212,0.995506098865825
char_cnn,raw_string,phiusiil,mendeley_phishurl,43,cross,raw,60000,18933,0.9190299135016472,0.7970549376255521,0.0,0.0
char_cnn,raw_string,phiusiil,mendeley_phishurl,43,cross,url_dedup,59776,18757,0.9195253710675596,0.7969020077172084,0.0,0.0
char_cnn,raw_string,phiusiil,mendeley_phishurl,43,cross,domain_dedup,51556,13187,0.9442527465299302,0.8089650820933795,0.0,0.0
char_cnn,raw_string,phiusiil,kaggle_malicious,43,cross,raw,60000,10831,0.351493290184463,0.1422636186574569,0.0,0.0
char_cnn,raw_string,phiusiil,kaggle_malicious,43,cross,url_dedup,59966,10829,0.3512783820784791,0.1422507932679461,0.0,0.0
char_cnn,raw_string,phiusiil,kaggle_malicious,43,cross,domain_dedup,55591,9508,0.3417580055817596,0.1320503488528772,0.0,0.0
char_cnn,raw_string,phiusiil,hannousse,43,cross,raw,11430,5715,0.7329804990474179,0.6727499629078781,0.0,0.0
char_cnn,raw_string,phiusiil,hannousse,43,cross,url_dedup,11367,5698,0.7312740012510696,0.6722499084252517,0.0,0.0
char_cnn,raw_string,phiusiil,hannousse,43,cross,domain_dedup,9512,4332,0.7624767154372417,0.6633222971316621,0.0,0.0
char_cnn,raw_string,phiusiil,ebbu2017,43,cross,raw,60000,30360,0.7495299189749991,0.6755674006099891,0.0,0.0
char_cnn,raw_string,phiusiil,ebbu2017,43,cross,url_dedup,59963,30360,0.7492875581860026,0.6756170167366843,0.0,0.0
char_cnn,raw_string,phiusiil,ebbu2017,43,cross,domain_dedup,57229,29934,0.7540491591117604,0.6944048454355126,0.0,0.0
char_cnn,raw_string,phiusiil,phiusiil,44,within,raw,13064,6168,0.9986540111600628,0.9990041630597096,0.9956225680933852,0.9957846952010376
char_cnn,raw_string,phiusiil,mendeley_phishurl,44,cross,raw,60000,18933,0.8985714107143205,0.7206742615345685,0.0,0.0
char_cnn,raw_string,phiusiil,mendeley_phishurl,44,cross,url_dedup,59776,18757,0.8987078648946478,0.7194279400156534,0.0,0.0
char_cnn,raw_string,phiusiil,mendeley_phishurl,44,cross,domain_dedup,51556,13187,0.9140568415995932,0.691773199003103,0.0,0.0
char_cnn,raw_string,phiusiil,kaggle_malicious,44,cross,raw,60000,10831,0.3681358624058188,0.1452397957885623,0.0,0.0
char_cnn,raw_string,phiusiil,kaggle_malicious,44,cross,url_dedup,59966,10829,0.3679741932982786,0.1452487686434742,0.0,0.0
char_cnn,raw_string,phiusiil,kaggle_malicious,44,cross,domain_dedup,55591,9508,0.3605236533345829,0.1355157735454067,0.0,0.0
char_cnn,raw_string,phiusiil,hannousse,44,cross,raw,11430,5715,0.6548034404710784,0.5945579730718874,0.0,0.0
char_cnn,raw_string,phiusiil,hannousse,44,cross,url_dedup,11367,5698,0.6535271758415171,0.5948887727121586,0.0,0.0
char_cnn,raw_string,phiusiil,hannousse,44,cross,domain_dedup,9512,4332,0.6705160839509869,0.5634729427034014,0.0,0.0
char_cnn,raw_string,phiusiil,ebbu2017,44,cross,raw,60000,30360,0.6516191225980986,0.5959388661109214,0.0,0.0
char_cnn,raw_string,phiusiil,ebbu2017,44,cross,url_dedup,59963,30360,0.6516477594564201,0.596259804266127,0.0,0.0
char_cnn,raw_string,phiusiil,ebbu2017,44,cross,domain_dedup,57229,29934,0.6533537916040312,0.6134725586745062,0.0,0.0
char_cnn,raw_string,mendeley_phishurl,mendeley_phishurl,42,within,raw,11979,3514,0.9976349096904088,0.9970271595994268,0.9832100170745588,0.9897552646556632
char_cnn,raw_string,mendeley_phishurl,phiusiil,42,cross,raw,60000,25603,0.9898362347064974,0.992483569187494,0.9744561184236222,0.9765261883373042
char_cnn,raw_string,mendeley_phishurl,phiusiil,42,cross,url_dedup,59773,25423,0.9897824718427954,0.992420572030805,0.974314597018448,0.9763993234472722
char_cnn,raw_string,mendeley_phishurl,phiusiil,42,cross,domain_dedup,50234,16741,0.9855815757508688,0.986764961735987,0.963204109670868,0.9662505226688968
char_cnn,raw_string,mendeley_phishurl,kaggle_malicious,42,cross,raw,60000,10831,0.5349634186733225,0.2602683751686532,0.0,0.0
char_cnn,raw_string,mendeley_phishurl,kaggle_malicious,42,cross,url_dedup,55381,10809,0.5276757215949259,0.2676041690933786,0.0,0.0
char_cnn,raw_string,mendeley_phishurl,kaggle_malicious,42,cross,domain_dedup,27817,8445,0.4709928828568134,0.3236592306946633,0.0,0.0
char_cnn,raw_string,mendeley_phishurl,hannousse,42,cross,raw,11430,5715,0.7398105551766658,0.7243553632397323,0.0,0.0
char_cnn,raw_string,mendeley_phishurl,hannousse,42,cross,url_dedup,11261,5550,0.7378923556720789,0.7179377919671649,0.0,0.0
char_cnn,raw_string,mendeley_phishurl,hannousse,42,cross,domain_dedup,7961,3946,0.76199812032804,0.7499970105611343,0.0,0.0
char_cnn,raw_string,mendeley_phishurl,ebbu2017,42,cross,raw,60000,30360,0.8698931846185851,0.8357876104036124,0.0,0.0
char_cnn,raw_string,mendeley_phishurl,ebbu2017,42,cross,url_dedup,56886,27260,0.8726449680658148,0.8250190547797072,0.0,0.0
char_cnn,raw_string,mendeley_phishurl,ebbu2017,42,cross,domain_dedup,36481,18306,0.8547637630854714,0.81807577825056,0.0,0.0
char_cnn,raw_string,mendeley_phishurl,mendeley_phishurl,43,within,raw,12746,3709,0.9986648162509044,0.9981995475085614,0.9911027231059584,0.9924507953626316
char_cnn,raw_string,mendeley_phishurl,phiusiil,43,cross,raw,60000,25603,0.9920701725745772,0.9939810877849636,0.9755106823419132,0.9789477795570832
char_cnn,raw_string,mendeley_phishurl,phiusiil,43,cross,url_dedup,59773,25423,0.9920379453303668,0.9939355777048048,0.9753766274633208,0.9788380600243872
char_cnn,raw_string,mendeley_phishurl,phiusiil,43,cross,domain_dedup,50234,16741,0.9887851530218102,0.9893628395202916,0.9646377157875874,0.9697748043724986
char_cnn,raw_string,mendeley_phishurl,kaggle_malicious,43,cross,raw,60000,10831,0.5258122213513401,0.2810167643775273,0.0288985319915058,0.0793093897147077
char_cnn,raw_string,mendeley_phishurl,kaggle_malicious,43,cross,url_dedup,55381,10809,0.5187070414322219,0.2881694430636906,0.0285872883708021,0.0732722731057452
char_cnn,raw_string,mendeley_phishurl,kaggle_malicious,43,cross,domain_dedup,27817,8445,0.4632576856454299,0.3462316379583655,0.0235642391947898,0.0551805802249852
char_cnn,raw_string,mendeley_phishurl,hannousse,43,cross,raw,11430,5715,0.7532969446185805,0.7650488740641018,0.0148731408573928,0.1181102362204724
char_cnn,raw_string,mendeley_phishurl,hannousse,43,cross,url_dedup,11261,5550,0.7513592387694997,0.7591766596476774,0.0187387387387387,0.1165765765765765
char_cnn,raw_string,mendeley_phishurl,hannousse,43,cross,domain_dedup,7961,3946,0.7763035727022145,0.7892343764266884,0.040547389761784,0.1386213887480993
char_cnn,raw_string,mendeley_phishurl,ebbu2017,43,cross,raw,60000,30360,0.8759671870527135,0.8693099988660808,0.0492424242424242,0.2516469038208169
char_cnn,raw_string,mendeley_phishurl,ebbu2017,43,cross,url_dedup,56886,27260,0.8789130459062673,0.8618530391243627,0.0513206162876008,0.2582171680117388
char_cnn,raw_string,mendeley_phishurl,ebbu2017,43,cross,domain_dedup,36481,18306,0.8614098097886893,0.8554535739358211,0.0302086747514476,0.2068720638042172
char_cnn,raw_string,mendeley_phishurl,mendeley_phishurl,44,within,raw,10675,3893,0.99823621600612,0.9978822265988574,0.9786796814795788,0.9904957616234268
char_cnn,raw_string,mendeley_phishurl,phiusiil,44,cross,raw,60000,25603,0.9927966922948012,0.9943819633665132,0.97472952388392,0.9786743740967856
char_cnn,raw_string,mendeley_phishurl,phiusiil,44,cross,url_dedup,59773,25423,0.9927600544636284,0.9943354000857154,0.9746292727058176,0.9785627187979388
char_cnn,raw_string,mendeley_phishurl,phiusiil,44,cross,domain_dedup,50234,16741,0.9896994641114376,0.9899126031229758,0.9637417119646378,0.9695956036079088
char_cnn,raw_string,mendeley_phishurl,kaggle_malicious,44,cross,raw,60000,10831,0.5106555768994059,0.2786918270704042,0.0251131012833533,0.0779244760409934
char_cnn,raw_string,mendeley_phishurl,kaggle_malicious,44,cross,url_dedup,55381,10809,0.504159594021777,0.2860786376236134,0.0219261726339161,0.0747525210472754
char_cnn,raw_string,mendeley_phishurl,kaggle_malicious,44,cross,domain_dedup,27817,8445,0.4589719715343612,0.3483515329518686,0.0182356423919478,0.0651272942569567
char_cnn,raw_string,mendeley_phishurl,hannousse,44,cross,raw,11430,5715,0.7771014253139618,0.7744236446522557,0.015923009623797,0.1237095363079615
char_cnn,raw_string,mendeley_phishurl,hannousse,44,cross,url_dedup,11261,5550,0.7760160019939393,0.7693798633443387,0.0162162162162162,0.1239639639639639
char_cnn,raw_string,mendeley_phishurl,hannousse,44,cross,domain_dedup,7961,3946,0.7916327772374124,0.7921046611576933,0.0205271160669031,0.1393816523061327
char_cnn,raw_string,mendeley_phishurl,ebbu2017,44,cross,raw,60000,30360,0.8814952114215558,0.8822553296223747,0.1226943346508563,0.3165349143610013
char_cnn,raw_string,mendeley_phishurl,ebbu2017,44,cross,url_dedup,56886,27260,0.8845194386917681,0.8761565110926508,0.1268892149669846,0.3252384446074834
char_cnn,raw_string,mendeley_phishurl,ebbu2017,44,cross,domain_dedup,36481,18306,0.8676635301659952,0.8691866118337566,0.100568119742161,0.2766852398120835
char_cnn,raw_string,kaggle_malicious,kaggle_malicious,42,within,raw,12523,2109,0.9810032961610292,0.9343298988858446,0.4058795637743006,0.7667140825035562
char_cnn,raw_string,kaggle_malicious,phiusiil,42,cross,raw,60000,25603,0.2020223915868727,0.2997334919454474,0.0005077529976955,0.0070694840448384
char_cnn,raw_string,kaggle_malicious,phiusiil,42,cross,url_dedup,59966,25601,0.2020409401633785,0.2999170898867547,0.000507792664349,0.0070700363267059
char_cnn,raw_string,kaggle_malicious,phiusiil,42,cross,domain_dedup,52752,19367,0.2507479101614627,0.2698810095900092,0.0006712449011204,0.0091392574998709
char_cnn,raw_string,kaggle_malicious,mendeley_phishurl,42,cross,raw,60000,18933,0.201414117531727,0.2000971871338945,0.0002640891564992,0.002059895420694
char_cnn,raw_string,kaggle_malicious,mendeley_phishurl,42,cross,url_dedup,55379,18909,0.2013742228356693,0.2187516601158886,0.0002644243481939,0.0018509704373578
char_cnn,raw_string,kaggle_malicious,mendeley_phishurl,42,cross,domain_dedup,28121,15987,0.1633795652679686,0.3929856441011634,0.0001876524676299,0.0015012197410395
char_cnn,raw_string,kaggle_malicious,hannousse,42,cross,raw,11430,5715,0.2771430955207589,0.3663160726512285,0.0,0.0020997375328083
char_cnn,raw_string,kaggle_malicious,hannousse,42,cross,url_dedup,11033,5320,0.2755382132032338,0.3501528776377406,0.0,0.0022556390977443
char_cnn,raw_string,kaggle_malicious,hannousse,42,cross,domain_dedup,7697,3663,0.2358899666782661,0.3337354966246422,0.0,0.003003003003003
char_cnn,raw_string,kaggle_malicious,ebbu2017,42,cross,raw,60000,30360,0.3812962066537582,0.4143606664873341,0.0010869565217391,0.0019762845849802
char_cnn,raw_string,kaggle_malicious,ebbu2017,42,cross,url_dedup,59950,30325,0.3813594932534672,0.4142111179872854,0.0010882110469909,0.0019785655399835
char_cnn,raw_string,kaggle_malicious,ebbu2017,42,cross,domain_dedup,46489,28616,0.3929811892597104,0.5245372161020365,0.0011881464914733,0.0023413474979032
char_cnn,raw_string,kaggle_malicious,kaggle_malicious,43,within,raw,13894,1917,0.9809575900322602,0.9246482945848504,0.4110589462702139,0.7704747000521649
char_cnn,raw_string,kaggle_malicious,phiusiil,43,cross,raw,60000,25603,0.0390238924196665,0.2544542162300162,7.811584579932039e-05,0.0004296371518962
char_cnn,raw_string,kaggle_malicious,phiusiil,43,cross,url_dedup,59966,25601,0.0390063166647659,0.2546025636478239,7.812194836139214e-05,0.0004296707159876
char_cnn,raw_string,kaggle_malicious,phiusiil,43,cross,domain_dedup,52752,19367,0.0473278740459645,0.213548491914775,5.163422316311251e-05,0.0005679764547942
char_cnn,raw_string,kaggle_malicious,mendeley_phishurl,43,cross,raw,60000,18933,0.2058763207645839,0.201555391446389,0.0,0.0001584534938995
char_cnn,raw_string,kaggle_malicious,mendeley_phishurl,43,cross,url_dedup,55379,18909,0.2058640373359349,0.2202705586885276,0.0,0.0001586546089163
char_cnn,raw_string,kaggle_malicious,mendeley_phishurl,43,cross,domain_dedup,28121,15987,0.159248264895135,0.392210198913179,0.0,0.0001876524676299
char_cnn,raw_string,kaggle_malicious,hannousse,43,cross,raw,11430,5715,0.2843302264382307,0.367384361621833,0.0,0.0015748031496062
char_cnn,raw_string,kaggle_malicious,hannousse,43,cross,url_dedup,11033,5320,0.2824900076201356,0.3513127577568191,0.0,0.0016917293233082
char_cnn,raw_string,kaggle_malicious,hannousse,43,cross,domain_dedup,7697,3663,0.2326058424224016,0.3316623398040111,0.0,0.0027300027300027
char_cnn,raw_string,kaggle_malicious,ebbu2017,43,cross,raw,60000,30360,0.3424755048060254,0.3922432493489488,0.0,0.0
char_cnn,raw_string,kaggle_malicious,ebbu2017,43,cross,url_dedup,59950,30325,0.3424800553775727,0.3920926503842667,0.0,0.0
char_cnn,raw_string,kaggle_malicious,ebbu2017,43,cross,domain_dedup,46489,28616,0.3659157057965012,0.5058455143229421,0.0,0.0
char_cnn,raw_string,kaggle_malicious,kaggle_malicious,44,within,raw,9851,1934,0.9765497491489716,0.9371652642656164,0.4844881075491209,0.750258531540848
char_cnn,raw_string,kaggle_malicious,phiusiil,44,cross,raw,60000,25603,0.0394921605450479,0.2543991176782881,0.0,0.0001562316915986
char_cnn,raw_string,kaggle_malicious,phiusiil,44,cross,url_dedup,59966,25601,0.039481006673766,0.2545483980438497,0.0,0.0001562438967227
char_cnn,raw_string,kaggle_malicious,phiusiil,44,cross,domain_dedup,52752,19367,0.0504813060487385,0.2137370570303885,0.0,0.0002065368926524
char_cnn,raw_string,kaggle_malicious,mendeley_phishurl,44,cross,raw,60000,18933,0.1333813663452457,0.1904204105114471,5.281783129984683e-05,0.0002112713251993
char_cnn,raw_string,kaggle_malicious,mendeley_phishurl,44,cross,url_dedup,55379,18909,0.133356221591693,0.2082582309709175,5.288486963879634e-05,0.0002115394785551
char_cnn,raw_string,kaggle_malicious,mendeley_phishurl,44,cross,domain_dedup,28121,15987,0.1110464664976423,0.3809315127418019,6.255082254331645e-05,0.0002502032901732
char_cnn,raw_string,kaggle_malicious,hannousse,44,cross,raw,11430,5715,0.2571114524945099,0.3586696098807896,0.000349956255468,0.000524934383202
char_cnn,raw_string,kaggle_malicious,hannousse,44,cross,url_dedup,11033,5320,0.2548135666051178,0.3427186673876271,0.000375939849624,0.000563909774436
char_cnn,raw_string,kaggle_malicious,hannousse,44,cross,domain_dedup,7697,3663,0.2112126098244095,0.3259059555994545,0.0005460005460005,0.001092001092001
char_cnn,raw_string,kaggle_malicious,ebbu2017,44,cross,raw,60000,30360,0.3252678635723544,0.3862489060999864,0.0,3.293807641633728e-05
char_cnn,raw_string,kaggle_malicious,ebbu2017,44,cross,url_dedup,59950,30325,0.3252938032078641,0.3861054139996204,0.0,3.2976092333058534e-05
char_cnn,raw_string,kaggle_malicious,ebbu2017,44,cross,domain_dedup,46489,28616,0.3388453147538449,0.4947344391105845,0.0,3.49454850433324e-05
char_cnn,raw_string,hannousse,hannousse,42,within,raw,1939,907,0.9395207815184226,0.9378222057975802,0.2502756339581036,0.4189636163175303
char_cnn,raw_string,hannousse,phiusiil,42,cross,raw,60000,25603,0.9508843474191352,0.9505785353830942,0.6380892864117487,0.7169081748232629
char_cnn,raw_string,hannousse,phiusiil,42,cross,url_dedup,59936,25585,0.9508473118506156,0.9505642443793496,0.6378346687512214,0.7170216923978894
char_cnn,raw_string,hannousse,phiusiil,42,cross,domain_dedup,53925,19850,0.9371813731378588,0.9231196257377678,0.544382871536524,0.6401007556675063
char_cnn,raw_string,hannousse,mendeley_phishurl,42,cross,raw,60000,18933,0.9742505021189054,0.95882745812988,0.5708551206887446,0.745523688797338
char_cnn,raw_string,hannousse,mendeley_phishurl,42,cross,url_dedup,59839,18776,0.974171958209102,0.958491919066168,0.5712079250106519,0.7452066467831274
char_cnn,raw_string,hannousse,mendeley_phishurl,42,cross,domain_dedup,46321,16337,0.9710023264983942,0.9595395131969576,0.5698108587868029,0.7282242761828978
char_cnn,raw_string,hannousse,kaggle_malicious,42,cross,raw,60000,10831,0.532308979673904,0.206229719242004,0.0052626719601144,0.0182808604930292
char_cnn,raw_string,hannousse,kaggle_malicious,42,cross,url_dedup,59648,10482,0.5245111615728602,0.1964120536532049,0.0052470902499523,0.017935508490746
char_cnn,raw_string,hannousse,kaggle_malicious,42,cross,domain_dedup,45927,8736,0.4987988648564292,0.1980869975194043,0.0049221611721611,0.0164835164835164
char_cnn,raw_string,hannousse,ebbu2017,42,cross,raw,60000,30360,0.9610118673755688,0.9652207856619148,0.4173254281949934,0.6392621870882741
char_cnn,raw_string,hannousse,ebbu2017,42,cross,url_dedup,54857,29276,0.9594545891879604,0.9672006588460568,0.4048367263287334,0.6420959147424512
char_cnn,raw_string,hannousse,ebbu2017,42,cross,domain_dedup,42403,27806,0.9482888249140984,0.9734334270735564,0.3490253902035531,0.5981442854060275
char_cnn,raw_string,hannousse,hannousse,43,within,raw,2229,1037,0.9406004672745985,0.9350868971828996,0.3037608486017358,0.4397299903567984
char_cnn,raw_string,hannousse,phiusiil,43,cross,raw,60000,25603,0.935003712433032,0.9358034225583955,0.6148107643635512,0.6842948092020467
char_cnn,raw_string,hannousse,phiusiil,43,cross,url_dedup,59936,25585,0.9349553196604368,0.9357778260120132,0.6145397693961305,0.6840726988469806
char_cnn,raw_string,hannousse,phiusiil,43,cross,domain_dedup,53925,19850,0.9167222636390684,0.9003317314123931,0.5179848866498741,0.5994962216624685
char_cnn,raw_string,hannousse,mendeley_phishurl,43,cross,raw,60000,18933,0.9650775932037204,0.9446697767605322,0.5185126498705963,0.6839380975017165
char_cnn,raw_string,hannousse,mendeley_phishurl,43,cross,url_dedup,59839,18776,0.9649760525984052,0.944221794716731,0.518800596506178,0.6837452066467832
char_cnn,raw_string,hannousse,mendeley_phishurl,43,cross,domain_dedup,46321,16337,0.9607137487262188,0.9450944704609656,0.5017445063353125,0.6607088204688744
char_cnn,raw_string,hannousse,kaggle_malicious,43,cross,raw,60000,10831,0.5307566871739771,0.2047341776787625,0.0065552580555812,0.0170806019758101
char_cnn,raw_string,hannousse,kaggle_malicious,43,cross,url_dedup,59648,10482,0.5227285580649904,0.1948596955890046,0.0064873115817592,0.0166952871589391
char_cnn,raw_string,hannousse,kaggle_malicious,43,cross,domain_dedup,45927,8736,0.5016923777321958,0.1972727663425789,0.0061813186813186,0.0148809523809523
char_cnn,raw_string,hannousse,ebbu2017,43,cross,raw,60000,30360,0.9638848694211966,0.9672415310043996,0.4088274044795784,0.6309288537549407
char_cnn,raw_string,hannousse,ebbu2017,43,cross,url_dedup,54857,29276,0.9622977456833908,0.968988816204057,0.393940429020358,0.6215329963109715
char_cnn,raw_string,hannousse,ebbu2017,43,cross,domain_dedup,42403,27806,0.9522866981300592,0.975003188507456,0.3594907573904912,0.5794432856218082
char_cnn,raw_string,hannousse,hannousse,44,within,raw,2670,1384,0.9250527018401818,0.930096176752254,0.213150289017341,0.4111271676300578
char_cnn,raw_string,hannousse,phiusiil,44,cross,raw,60000,25603,0.937382496864241,0.9384093002545204,0.6311760340585088,0.6996055149787135
char_cnn,raw_string,hannousse,phiusiil,44,cross,url_dedup,59936,25585,0.9373457183533224,0.9383979719928408,0.6309165526675786,0.6996286886847762
char_cnn,raw_string,hannousse,phiusiil,44,cross,domain_dedup,53925,19850,0.9200678027243948,0.904769994781236,0.5372292191435768,0.6193954659949622
char_cnn,raw_string,hannousse,mendeley_phishurl,44,cross,raw,60000,18933,0.9700908281365864,0.9539348616011696,0.574499551048434,0.7358052078381662
char_cnn,raw_string,hannousse,mendeley_phishurl,44,cross,url_dedup,59839,18776,0.9700019392245868,0.9535694332000066,0.5748828291435876,0.7355666808691947
char_cnn,raw_string,hannousse,mendeley_phishurl,44,cross,domain_dedup,46321,16337,0.9671577253925768,0.955550009552413,0.5733610822060354,0.7186753994001347
char_cnn,raw_string,hannousse,kaggle_malicious,44,cross,raw,60000,10831,0.5287614470663258,0.2028066734959271,0.0070168959468193,0.0179115501800387
char_cnn,raw_string,hannousse,kaggle_malicious,44,cross,url_dedup,59648,10482,0.5212735481834325,0.1931542309493368,0.0068689181453921,0.0176493035680213
char_cnn,raw_string,hannousse,kaggle_malicious,44,cross,domain_dedup,45927,8736,0.4989382013283965,0.1958582639457463,0.005837912087912,0.0154532967032967
char_cnn,raw_string,hannousse,ebbu2017,44,cross,raw,60000,30360,0.9629273782091288,0.966361807443508,0.3873847167325428,0.6329380764163373
char_cnn,raw_string,hannousse,ebbu2017,44,cross,url_dedup,54857,29276,0.9614749211385204,0.9683126052729184,0.3793551031561689,0.629389260827982
char_cnn,raw_string,hannousse,ebbu2017,44,cross,domain_dedup,42403,27806,0.9507911347971674,0.9742618352912122,0.3365820326548227,0.5707760914910451
char_cnn,raw_string,ebbu2017,ebbu2017,42,within,raw,11279,5871,0.9941057691047864,0.9948502790886464,0.7722704820303186,0.9013796627491056
char_cnn,raw_string,ebbu2017,phiusiil,42,cross,raw,60000,25603,0.948146329340278,0.9481029989583588,0.5314220989727766,0.6933562473147677
char_cnn,raw_string,ebbu2017,phiusiil,42,cross,url_dedup,59970,25601,0.9481208368130616,0.9481055592830976,0.5313854927541893,0.6933322917073552
char_cnn,raw_string,ebbu2017,phiusiil,42,cross,domain_dedup,57759,24235,0.94657221514066,0.9456667782389114,0.5310501341035693,0.6912316897049722
char_cnn,raw_string,ebbu2017,mendeley_phishurl,42,cross,raw,60000,18933,0.9769487631577566,0.961806305246994,0.5901864469444884,0.7819679923942323
char_cnn,raw_string,ebbu2017,mendeley_phishurl,42,cross,url_dedup,58479,17422,0.9750147426575104,0.9556663283656034,0.5589484559752038,0.763804385260016
char_cnn,raw_string,ebbu2017,mendeley_phishurl,42,cross,domain_dedup,40743,14899,0.9715910584812836,0.96076873627434,0.5017786428619371,0.7491106785690315
char_cnn,raw_string,ebbu2017,kaggle_malicious,42,cross,raw,60000,10831,0.671731636168337,0.2800086115252971,0.0056319822731049,0.0204967223709722
char_cnn,raw_string,ebbu2017,kaggle_malicious,42,cross,url_dedup,59967,10805,0.6715190620717149,0.2793275874193402,0.0056455344747801,0.0205460434983803
char_cnn,raw_string,ebbu2017,kaggle_malicious,42,cross,domain_dedup,40491,8094,0.6594722744853261,0.290053383676316,0.0058067704472448,0.021620953792933
char_cnn,raw_string,ebbu2017,hannousse,42,cross,raw,11430,5715,0.9358429452661376,0.940573142128142,0.2479440069991251,0.5287839020122485
char_cnn,raw_string,ebbu2017,hannousse,42,cross,url_dedup,7982,5177,0.8938897089381699,0.9415275424345608,0.1918099285300367,0.4187753525207649
char_cnn,raw_string,ebbu2017,hannousse,42,cross,domain_dedup,6546,4429,0.8953910185082581,0.948718788486157,0.2144953714156694,0.406412282682321
char_cnn,raw_string,ebbu2017,ebbu2017,43,within,raw,11844,5990,0.9931970092506984,0.9937235588540554,0.6954924874791318,0.8727879799666111
char_cnn,raw_string,ebbu2017,phiusiil,43,cross,raw,60000,25603,0.9426589676680418,0.9438100190580574,0.5403663633167988,0.679646916376987
char_cnn,raw_string,ebbu2017,phiusiil,43,cross,url_dedup,59970,25601,0.9426289711305192,0.943811206826548,0.5403304558415687,0.6796218897699309
char_cnn,raw_string,ebbu2017,phiusiil,43,cross,domain_dedup,57759,24235,0.9420613925359528,0.9421924865913242,0.5414895811842376,0.6786053228801321
char_cnn,raw_string,ebbu2017,mendeley_phishurl,43,cross,raw,60000,18933,0.9793273848085212,0.9656535688204886,0.5991654782654624,0.7888343104632124
char_cnn,raw_string,ebbu2017,mendeley_phishurl,43,cross,url_dedup,58479,17422,0.9775601775655504,0.9600483113731892,0.5680748478934681,0.7708070255998163
char_cnn,raw_string,ebbu2017,mendeley_phishurl,43,cross,domain_dedup,40743,14899,0.9746606085370432,0.9647783592298228,0.516276260151688,0.7630713470702731
char_cnn,raw_string,ebbu2017,kaggle_malicious,43,cross,raw,60000,10831,0.697227259683584,0.2892784950769138,0.002677499769181,0.0164343089280768
char_cnn,raw_string,ebbu2017,kaggle_malicious,43,cross,url_dedup,59967,10805,0.6970601694393407,0.2886191577263917,0.0026839426191577,0.0164738546968995
char_cnn,raw_string,ebbu2017,kaggle_malicious,43,cross,domain_dedup,40491,8094,0.684666063267976,0.2965065205102586,0.0034593526068692,0.0164319248826291
char_cnn,raw_string,ebbu2017,hannousse,43,cross,raw,11430,5715,0.928171034613674,0.9320679728199344,0.2825896762904636,0.4677165354330708
char_cnn,raw_string,ebbu2017,hannousse,43,cross,url_dedup,7982,5177,0.8764333675240514,0.9308790090699862,0.2157620243384199,0.3513617925439444
char_cnn,raw_string,ebbu2017,hannousse,43,cross,domain_dedup,6546,4429,0.87981401406733,0.940875312099721,0.2404606005870399,0.3479340708963648
char_cnn,raw_string,ebbu2017,ebbu2017,44,within,raw,13276,6081,0.9946158182580106,0.9939270263404324,0.7506988982075317,0.905114290412761
char_cnn,raw_string,ebbu2017,phiusiil,44,cross,raw,60000,25603,0.9521569530408024,0.9529538594092192,0.4744756473850721,0.6737882279420381
char_cnn,raw_string,ebbu2017,phiusiil,44,cross,url_dedup,59970,25601,0.9521337367699644,0.9529562235316036,0.4744736533729151,0.6737627436428264
char_cnn,raw_string,ebbu2017,phiusiil,44,cross,domain_dedup,57759,24235,0.9514337830809748,0.9512632145274924,0.4716731999174747,0.6687022900763359
char_cnn,raw_string,ebbu2017,mendeley_phishurl,44,cross,raw,60000,18933,0.9769744646974792,0.960827200782631,0.5523160619024983,0.7602598637299952
char_cnn,raw_string,ebbu2017,mendeley_phishurl,44,cross,url_dedup,58479,17422,0.975049016625802,0.9544534615231872,0.5194007576627253,0.740443117896912
char_cnn,raw_string,ebbu2017,mendeley_phishurl,44,cross,domain_dedup,40743,14899,0.9718914547241008,0.959536329442832,0.4706356131283978,0.7186388348211289
char_cnn,raw_string,ebbu2017,kaggle_malicious,44,cross,raw,60000,10831,0.675450015824728,0.2757715781243469,0.0037854307081525,0.0197581017449912
char_cnn,raw_string,ebbu2017,kaggle_malicious,44,cross,url_dedup,59967,10805,0.6752250250053929,0.2750804846498834,0.0037945395650161,0.0198056455344747
char_cnn,raw_string,ebbu2017,kaggle_malicious,44,cross,domain_dedup,40491,8094,0.6584797884358129,0.2838717299935482,0.0044477390659747,0.0181616011860637
char_cnn,raw_string,ebbu2017,hannousse,44,cross,raw,11430,5715,0.9284729216372012,0.9328863794580432,0.2374453193350831,0.4785651793525809
char_cnn,raw_string,ebbu2017,hannousse,44,cross,url_dedup,7982,5177,0.8790576859047129,0.9326252813221116,0.184469770137145,0.349430171914236
char_cnn,raw_string,ebbu2017,hannousse,44,cross,domain_dedup,6546,4429,0.8806156187271317,0.9413379349356988,0.206367125762023,0.3560623165500113
char_cnn,raw_string,phiusiil,aligned_natural,42,cross,raw,16336,8168,0.5684346958844673,0.5400455860078829,0.0,0.0
char_cnn,raw_string,phiusiil,aligned_natural,42,cross,url_dedup,16305,8137,0.5683989799680471,0.5390730991171042,0.0,0.0
char_cnn,raw_string,phiusiil,aligned_natural,42,cross,domain_dedup,15776,8009,0.568403918194066,0.5475702331641484,0.0,0.0
char_cnn,raw_string,phiusiil,aligned_natural,43,cross,raw,16336,8168,0.5776762186061369,0.5611647260016954,0.0,0.0
char_cnn,raw_string,phiusiil,aligned_natural,43,cross,url_dedup,16305,8137,0.5777509028479839,0.560254315886452,0.0,0.0
char_cnn,raw_string,phiusiil,aligned_natural,43,cross,domain_dedup,15776,8009,0.5783556988152716,0.5690847316745321,0.0,0.0
char_cnn,raw_string,phiusiil,aligned_natural,44,cross,raw,16336,8168,0.5627585278207593,0.5390539451857721,0.0,0.0
char_cnn,raw_string,phiusiil,aligned_natural,44,cross,url_dedup,16305,8137,0.5627224620682275,0.5380704911276692,0.0,0.0
char_cnn,raw_string,phiusiil,aligned_natural,44,cross,domain_dedup,15776,8009,0.5626572609998121,0.546354966415353,0.0,0.0
char_cnn,raw_string,mendeley_phishurl,aligned_natural,42,cross,raw,16336,8168,0.7644791842535932,0.7523889787589585,0.0,0.0
char_cnn,raw_string,mendeley_phishurl,aligned_natural,42,cross,url_dedup,16330,8162,0.7644312685863468,0.7521483159942559,0.0,0.0
char_cnn,raw_string,mendeley_phishurl,aligned_natural,42,cross,domain_dedup,15668,8088,0.7647434209839522,0.7655719739768911,0.0,0.0
char_cnn,raw_string,mendeley_phishurl,aligned_natural,43,cross,raw,16336,8168,0.767331286614782,0.7610542491918629,0.0237512242899118,0.1100636630754162
char_cnn,raw_string,mendeley_phishurl,aligned_natural,43,cross,url_dedup,16330,8162,0.767270347692335,0.7607952407737061,0.0236461651555991,0.1096544964469492
char_cnn,raw_string,mendeley_phishurl,aligned_natural,43,cross,domain_dedup,15668,8088,0.7673567179234229,0.7738367449911583,0.0236152324431256,0.1175816023738872
char_cnn,raw_string,mendeley_phishurl,aligned_natural,44,cross,raw,16336,8168,0.7702453903866022,0.7662299802080191,0.0276689520078354,0.1210822722820764
char_cnn,raw_string,mendeley_phishurl,aligned_natural,44,cross,url_dedup,16330,8162,0.7701683088131354,0.7659894497189563,0.0276892918402352,0.1210487625581965
char_cnn,raw_string,mendeley_phishurl,aligned_natural,44,cross,domain_dedup,15668,8088,0.769984637979586,0.7778728492204695,0.0278189910979228,0.1294510385756676
char_cnn,raw_string,kaggle_malicious,aligned_natural,42,cross,raw,16336,8168,0.5419447674376775,0.5038521950934194,0.0001224289911851,0.0090597453476983
char_cnn,raw_string,kaggle_malicious,aligned_natural,42,cross,url_dedup,16332,8164,0.542004278656302,0.5037860502923827,0.0001224889759921,0.0090641842234198
char_cnn,raw_string,kaggle_malicious,aligned_natural,42,cross,domain_dedup,15716,8130,0.5388507719113574,0.518833089632668,0.0001230012300123,0.008610086100861
char_cnn,raw_string,kaggle_malicious,aligned_natural,43,cross,raw,16336,8168,0.5417731899814954,0.4988378928369693,0.0020812928501469,0.0083251714005876
char_cnn,raw_string,kaggle_malicious,aligned_natural,43,cross,url_dedup,16332,8164,0.5418897526634454,0.4987925479813368,0.0020823125918667,0.0083292503674669
char_cnn,raw_string,kaggle_malicious,aligned_natural,43,cross,domain_dedup,15716,8130,0.5383380857272848,0.513647065742222,0.0019680196801968,0.0082410824108241
char_cnn,raw_string,kaggle_malicious,aligned_natural,44,cross,raw,16336,8168,0.5261595740190572,0.4830305977190543,0.0006121449559255,0.0036728697355533
char_cnn,raw_string,kaggle_malicious,aligned_natural,44,cross,url_dedup,16332,8164,0.5262726256693705,0.4829794424742432,0.0006124448799608,0.0036746692797648
char_cnn,raw_string,kaggle_malicious,aligned_natural,44,cross,domain_dedup,15716,8130,0.5231289820148399,0.4981012565113559,0.0006150061500615,0.003690036900369
char_cnn,raw_string,hannousse,aligned_natural,42,cross,raw,16336,8168,0.752801012839096,0.761962699013789,0.0476248775710088,0.1365083251714005
char_cnn,raw_string,hannousse,aligned_natural,42,cross,url_dedup,16327,8159,0.7525517719026802,0.7614800369290287,0.0476774114474813,0.1364137761980635
char_cnn,raw_string,hannousse,aligned_natural,42,cross,domain_dedup,16011,8121,0.7539307174174388,0.7677140882161935,0.043467553256988,0.1364363994581948
char_cnn,raw_string,hannousse,aligned_natural,43,cross,raw,16336,8168,0.7552054804540497,0.765190054631808,0.051175318315377,0.1295298726738491
char_cnn,raw_string,hannousse,aligned_natural,43,cross,url_dedup,16327,8159,0.7549613527132569,0.7647280080615684,0.051231768599093,0.1294276259345508
char_cnn,raw_string,hannousse,aligned_natural,43,cross,domain_dedup,16011,8121,0.7562666709741397,0.7709119607069889,0.0488856052210318,0.1326191355744366
char_cnn,raw_string,hannousse,aligned_natural,44,cross,raw,16336,8168,0.7544308337953899,0.7605888264809497,0.0386875612144955,0.1214495592556317
char_cnn,raw_string,hannousse,aligned_natural,44,cross,url_dedup,16327,8159,0.7541898730051683,0.7601293139563108,0.0387302365485966,0.1213383993136413
char_cnn,raw_string,hannousse,aligned_natural,44,cross,domain_dedup,16011,8121,0.7547837453446906,0.7654425925352827,0.0350942002216475,0.1211673439231621
char_cnn,raw_string,ebbu2017,aligned_natural,42,cross,raw,16336,8168,0.8218590953229008,0.8307990648196651,0.072845249755142,0.2405729676787463
char_cnn,raw_string,ebbu2017,aligned_natural,42,cross,url_dedup,16333,8167,0.8217987008942429,0.8307539928877827,0.0727317252357046,0.2404799804089629
char_cnn,raw_string,ebbu2017,aligned_natural,42,cross,domain_dedup,15673,8149,0.8177585397933713,0.83703920166086,0.0705608050067493,0.2335255859614676
char_cnn,raw_string,ebbu2017,aligned_natural,43,cross,raw,16336,8168,0.8319104810248255,0.8392758058799111,0.1171645445641527,0.2327375122428991
char_cnn,raw_string,ebbu2017,aligned_natural,43,cross,url_dedup,16333,8167,0.8318557586502264,0.8392341040996744,0.1170564466756459,0.2326435655687523
char_cnn,raw_string,ebbu2017,aligned_natural,43,cross,domain_dedup,15673,8149,0.828056547024325,0.8455685320659029,0.1103202846975089,0.2276352926739477
char_cnn,raw_string,ebbu2017,aligned_natural,44,cross,raw,16336,8168,0.8151801801612752,0.8269293646127281,0.1002693437806072,0.2378795298726738
char_cnn,raw_string,ebbu2017,aligned_natural,44,cross,url_dedup,16333,8167,0.8151179167333541,0.8268839121401521,0.1001591771764417,0.2377862128076405
char_cnn,raw_string,ebbu2017,aligned_natural,44,cross,domain_dedup,15673,8149,0.8103620262013929,0.8332303716121164,0.0910541170695791,0.2353663026138176
char_cnn,raw_string,aligned_natural,aligned_natural,42,within,raw,3331,1625,0.9498627468662638,0.9395789449840256,0.1249230769230769,0.3667692307692308
char_cnn,raw_string,aligned_natural,phiusiil,42,cross,raw,60000,25603,0.779690207344361,0.7782982100349425,0.1353357028473225,0.2502441120181228
char_cnn,raw_string,aligned_natural,phiusiil,42,cross,url_dedup,59969,25572,0.7796943275416968,0.7781296176853755,0.1353042390114187,0.2501955263569529
char_cnn,raw_string,aligned_natural,phiusiil,42,cross,domain_dedup,58167,23868,0.7899529642105313,0.7761036316842189,0.1353276353276353,0.252262443438914
char_cnn,raw_string,aligned_natural,mendeley_phishurl,42,cross,raw,60000,18933,0.8913702504624337,0.8572909813559269,0.2671525907146252,0.4984418739766545
char_cnn,raw_string,aligned_natural,mendeley_phishurl,42,cross,url_dedup,59993,18926,0.891335779911709,0.8572192085769906,0.2672514001902145,0.4983620416358448
char_cnn,raw_string,aligned_natural,mendeley_phishurl,42,cross,domain_dedup,58198,18416,0.8929085793039048,0.8592394635816978,0.2680821025195482,0.5014118158123371
char_cnn,raw_string,aligned_natural,kaggle_malicious,42,cross,raw,60000,10831,0.6737357571416013,0.3301597145703451,0.0138491367371433,0.0513341335056781
char_cnn,raw_string,aligned_natural,kaggle_malicious,42,cross,url_dedup,59996,10827,0.673663729063805,0.3300226589273274,0.0138542532557495,0.0513530987346448
char_cnn,raw_string,aligned_natural,kaggle_malicious,42,cross,domain_dedup,57855,10417,0.671501974477396,0.3287834702060281,0.013727560718057,0.0516463473168858
char_cnn,raw_string,aligned_natural,hannousse,42,cross,raw,11430,5715,0.7329131255793376,0.7726371387338822,0.1098862642169728,0.2101487314085739
char_cnn,raw_string,aligned_natural,hannousse,42,cross,url_dedup,11420,5705,0.7330182653548674,0.7724615545108763,0.1100788781770376,0.2101665205959684
char_cnn,raw_string,aligned_natural,hannousse,42,cross,domain_dedup,11147,5542,0.7377285804839278,0.7742334421811929,0.1104294478527607,0.2120173222663298
char_cnn,raw_string,aligned_natural,ebbu2017,42,cross,raw,60000,30360,0.8668099178503926,0.883728791597888,0.1711791831357048,0.3526679841897233
char_cnn,raw_string,aligned_natural,ebbu2017,42,cross,url_dedup,59996,30358,0.8668164782507839,0.8837310376113954,0.1711904605046445,0.3526253376375255
char_cnn,raw_string,aligned_natural,ebbu2017,42,cross,domain_dedup,59061,30082,0.8652492761202245,0.8836495692756027,0.1717306030184163,0.3510072468585865
char_cnn,raw_string,aligned_natural,aligned_natural,43,within,raw,3239,1629,0.9458498716966168,0.9355963067772664,0.1006752608962553,0.2965009208103131
char_cnn,raw_string,aligned_natural,phiusiil,43,cross,raw,60000,25603,0.792607301281695,0.7972763813644465,0.1359215716908174,0.2677420614771706
char_cnn,raw_string,aligned_natural,phiusiil,43,cross,url_dedup,59969,25572,0.7926400772149085,0.797141806743829,0.1358517128108869,0.2676755826685437
char_cnn,raw_string,aligned_natural,phiusiil,43,cross,domain_dedup,58167,23868,0.8002006372619991,0.7936999869359032,0.1346572817161052,0.2672616054968996
char_cnn,raw_string,aligned_natural,mendeley_phishurl,43,cross,raw,60000,18933,0.8967817464023835,0.8662936293021413,0.2840542967305762,0.5300269370939629
char_cnn,raw_string,aligned_natural,mendeley_phishurl,43,cross,url_dedup,59993,18926,0.8967473255629737,0.8662222443762289,0.284053682764451,0.5300116242206488
char_cnn,raw_string,aligned_natural,mendeley_phishurl,43,cross,domain_dedup,58198,18416,0.8978991535307478,0.8679037950818548,0.2832319721980886,0.534860990443093
char_cnn,raw_string,aligned_natural,kaggle_malicious,43,cross,raw,60000,10831,0.687528110418308,0.3435075111820791,0.0178192226017911,0.0531806850706306
char_cnn,raw_string,aligned_natural,kaggle_malicious,43,cross,url_dedup,59996,10827,0.6874401579841148,0.3433147387615187,0.017825805855731,0.0531079708137064
char_cnn,raw_string,aligned_natural,kaggle_malicious,43,cross,domain_dedup,57855,10417,0.6876012338278474,0.3435722060794363,0.0181434194105788,0.0533742920226552
char_cnn,raw_string,aligned_natural,hannousse,43,cross,raw,11430,5715,0.7280812798662635,0.7738732769126,0.1146106736657917,0.2078740157480315
char_cnn,raw_string,aligned_natural,hannousse,43,cross,url_dedup,11420,5705,0.728142893181297,0.7736567981858207,0.1146362839614373,0.2078878177037686
char_cnn,raw_string,aligned_natural,hannousse,43,cross,domain_dedup,11147,5542,0.7322569746363106,0.7754293842267289,0.1160230963551064,0.2103933597979068
char_cnn,raw_string,aligned_natural,ebbu2017,43,cross,raw,60000,30360,0.864989414031176,0.8846091787679913,0.1995059288537549,0.3662714097496706
char_cnn,raw_string,aligned_natural,ebbu2017,43,cross,url_dedup,59996,30358,0.8649997227453315,0.8846188982566228,0.1995190724026615,0.3662955398906384
char_cnn,raw_string,aligned_natural,ebbu2017,43,cross,domain_dedup,59061,30082,0.8633859954375395,0.8845768534418978,0.1967621833654677,0.365999601090353
char_cnn,raw_string,aligned_natural,aligned_natural,44,within,raw,3285,1636,0.9509378878211734,0.9457903581969036,0.0929095354523227,0.4119804400977995
char_cnn,raw_string,aligned_natural,phiusiil,44,cross,raw,60000,25603,0.7325169821315458,0.721551617344924,0.0783111354138186,0.1754091317423739
char_cnn,raw_string,aligned_natural,phiusiil,44,cross,url_dedup,59969,25572,0.7325365284981034,0.7213813381737711,0.0783669638667292,0.1754262474581573
char_cnn,raw_string,aligned_natural,phiusiil,44,cross,domain_dedup,58167,23868,0.7401989196995226,0.7145928002437808,0.0776772247360482,0.175004189710072
char_cnn,raw_string,aligned_natural,mendeley_phishurl,44,cross,raw,60000,18933,0.8881647359335889,0.846782877514441,0.233085089526224,0.4603602176094649
char_cnn,raw_string,aligned_natural,mendeley_phishurl,44,cross,url_dedup,59993,18926,0.8881255441716743,0.8466919070913886,0.2331712987424706,0.460213462961006
char_cnn,raw_string,aligned_natural,mendeley_phishurl,44,cross,domain_dedup,58198,18416,0.889618190669339,0.8488013683674582,0.2357732406602954,0.4636185925282363
char_cnn,raw_string,aligned_natural,kaggle_malicious,44,cross,raw,60000,10831,0.6794549641803304,0.3298854509395037,0.0138491367371433,0.0570584433570307
char_cnn,raw_string,aligned_natural,kaggle_malicious,44,cross,url_dedup,59996,10827,0.6793859563381284,0.3297149882057505,0.0138542532557495,0.057079523413688
char_cnn,raw_string,aligned_natural,kaggle_malicious,44,cross,domain_dedup,57855,10417,0.6789282043956928,0.3297884603251249,0.0142075453585485,0.0577901507151771
char_cnn,raw_string,aligned_natural,hannousse,44,cross,raw,11430,5715,0.7305043824902464,0.763273427275407,0.0794400699912511,0.179352580927384
char_cnn,raw_string,aligned_natural,hannousse,44,cross,url_dedup,11420,5705,0.7305495402031802,0.7630109997741958,0.0794040315512708,0.17931638913234
char_cnn,raw_string,aligned_natural,hannousse,44,cross,domain_dedup,11147,5542,0.7347469055539226,0.7645758472047053,0.0804763623240707,0.1811620353662937
char_cnn,raw_string,aligned_natural,ebbu2017,44,cross,raw,60000,30360,0.8701326541021907,0.8839706563997931,0.1297101449275362,0.3244729907773386
char_cnn,raw_string,aligned_natural,ebbu2017,44,cross,url_dedup,59996,30358,0.8701431363847434,0.8839804638071778,0.1297186902958034,0.3244943672178668
char_cnn,raw_string,aligned_natural,ebbu2017,44,cross,domain_dedup,59061,30082,0.8685620869378694,0.8839264726473262,0.1264876005584735,0.3247789375706402
char_cnn,raw_string,phiusiil,aligned_matched,42,cross,raw,10060,5030,0.4845462216759088,0.4918170934547934,0.0,0.0
char_cnn,raw_string,phiusiil,aligned_matched,42,cross,url_dedup,10036,5006,0.4845094435385291,0.49060120607495816,0.0,0.0
char_cnn,raw_string,phiusiil,aligned_matched,42,cross,domain_dedup,9721,4916,0.4842484859055652,0.49733651650856553,0.0,0.0
char_cnn,raw_string,phiusiil,aligned_matched,43,cross,raw,10060,5030,0.46260075728531397,0.47873594386129537,0.0,0.0
char_cnn,raw_string,phiusiil,aligned_matched,43,cross,url_dedup,10036,5006,0.46267465125348584,0.47753640445112416,0.0,0.0
char_cnn,raw_string,phiusiil,aligned_matched,43,cross,domain_dedup,9721,4916,0.4624443406778097,0.4840731438229324,0.0,0.0
char_cnn,raw_string,phiusiil,aligned_matched,44,cross,raw,10060,5030,0.463675264516282,0.4794131818080385,0.0,0.0
char_cnn,raw_string,phiusiil,aligned_matched,44,cross,url_dedup,10036,5006,0.463633004212043,0.47819114023559733,0.0,0.0
char_cnn,raw_string,phiusiil,aligned_matched,44,cross,domain_dedup,9721,4916,0.46281260874682173,0.48457422462175215,0.0,0.0
char_cnn,raw_string,mendeley_phishurl,aligned_matched,42,cross,raw,10060,5030,0.6343143722160081,0.5996119085063804,0.0,0.0
char_cnn,raw_string,mendeley_phishurl,aligned_matched,42,cross,url_dedup,10059,5029,0.6343522282491174,0.5996027287006397,0.0,0.0
char_cnn,raw_string,mendeley_phishurl,aligned_matched,42,cross,domain_dedup,9650,4985,0.6352301061813523,0.6180738877471921,0.0,0.0
char_cnn,raw_string,mendeley_phishurl,aligned_matched,43,cross,raw,10060,5030,0.6329492033880217,0.6052411119987664,0.003976143141153081,0.023658051689860835
char_cnn,raw_string,mendeley_phishurl,aligned_matched,43,cross,url_dedup,10059,5029,0.6329624361605275,0.6052210606889807,0.003976933784052496,0.02366275601511235
char_cnn,raw_string,mendeley_phishurl,aligned_matched,43,cross,domain_dedup,9650,4985,0.6339710234669711,0.6242936514356916,0.004012036108324975,0.027482447342026078
char_cnn,raw_string,mendeley_phishurl,aligned_matched,44,cross,raw,10060,5030,0.6405002193597855,0.614370357218203,0.007355864811133201,0.030218687872763418
char_cnn,raw_string,mendeley_phishurl,aligned_matched,44,cross,url_dedup,10059,5029,0.6404846324716249,0.614332174839299,0.007357327500497117,0.030224696758798967
char_cnn,raw_string,mendeley_phishurl,aligned_matched,44,cross,domain_dedup,9650,4985,0.6408475372527014,0.6321223472232511,0.005616850551654965,0.03069207622868606
char_cnn,raw_string,kaggle_malicious,aligned_matched,42,cross,raw,10060,5030,0.6190096399732815,0.5589723699538803,0.0013916500994035786,0.013121272365805169
char_cnn,raw_string,kaggle_malicious,aligned_matched,42,cross,url_dedup,10060,5030,0.6190096399732815,0.5589723699538803,0.0013916500994035786,0.013121272365805169
char_cnn,raw_string,kaggle_malicious,aligned_matched,42,cross,domain_dedup,9668,5010,0.6150652966287262,0.5738403091478669,0.0007984031936127744,0.013173652694610778
char_cnn,raw_string,kaggle_malicious,aligned_matched,43,cross,raw,10060,5030,0.6145596006466173,0.565306438007592,0.002186878727634195,0.0194831013916501
char_cnn,raw_string,kaggle_malicious,aligned_matched,43,cross,url_dedup,10060,5030,0.6145596006466173,0.565306438007592,0.002186878727634195,0.0194831013916501
char_cnn,raw_string,kaggle_malicious,aligned_matched,43,cross,domain_dedup,9668,5010,0.6099663489680149,0.5802902272427097,0.0021956087824351296,0.01976047904191617
char_cnn,raw_string,kaggle_malicious,aligned_matched,44,cross,raw,10060,5030,0.6003816069784079,0.5488632091226959,0.0013916500994035786,0.010934393638170975
char_cnn,raw_string,kaggle_malicious,aligned_matched,44,cross,url_dedup,10060,5030,0.6003816069784079,0.5488632091226959,0.0013916500994035786,0.010934393638170975
char_cnn,raw_string,kaggle_malicious,aligned_matched,44,cross,domain_dedup,9668,5010,0.5957844294236773,0.5637669846704348,0.0013972055888223553,0.010978043912175649
char_cnn,raw_string,hannousse,aligned_matched,42,cross,raw,10060,5030,0.7412003723187712,0.7518807797813525,0.04473161033797217,0.12445328031809146
char_cnn,raw_string,hannousse,aligned_matched,42,cross,url_dedup,10058,5028,0.7411066022322707,0.7517051703020086,0.04474940334128878,0.12450278440731902
char_cnn,raw_string,hannousse,aligned_matched,42,cross,domain_dedup,9845,5010,0.7423603465251503,0.7592271719877836,0.04271457085828343,0.12614770459081837
char_cnn,raw_string,hannousse,aligned_matched,43,cross,raw,10060,5030,0.7473720104818407,0.7571699929724189,0.051888667992047714,0.11709741550695825
char_cnn,raw_string,hannousse,aligned_matched,43,cross,url_dedup,10058,5028,0.7472837398836891,0.7570137794805494,0.05190930787589499,0.11714399363564042
char_cnn,raw_string,hannousse,aligned_matched,43,cross,domain_dedup,9845,5010,0.7486367698935118,0.7646325067806299,0.048702594810379245,0.1217564870259481
char_cnn,raw_string,hannousse,aligned_matched,44,cross,raw,10060,5030,0.7428984542051864,0.7504471784331781,0.0437375745526839,0.11192842942345925
char_cnn,raw_string,hannousse,aligned_matched,44,cross,url_dedup,10058,5028,0.7428092344896413,0.7502882233520395,0.04375497215592681,0.11197295147175815
char_cnn,raw_string,hannousse,aligned_matched,44,cross,domain_dedup,9845,5010,0.742961956129107,0.756541508870935,0.04291417165668663,0.11197604790419162
char_cnn,raw_string,ebbu2017,aligned_matched,42,cross,raw,10060,5030,0.7941396155867972,0.8072240223406714,0.06560636182902585,0.2085487077534791
char_cnn,raw_string,ebbu2017,aligned_matched,42,cross,url_dedup,10058,5030,0.7940658356938717,0.8072264211669805,0.06560636182902585,0.2085487077534791
char_cnn,raw_string,ebbu2017,aligned_matched,42,cross,domain_dedup,9657,5023,0.7893050620576509,0.8140533169387503,0.05534541110889907,0.20625124427632888
char_cnn,raw_string,ebbu2017,aligned_matched,43,cross,raw,10060,5030,0.7996399535194401,0.8102088228685446,0.08667992047713717,0.18846918489065606
char_cnn,raw_string,ebbu2017,aligned_matched,43,cross,url_dedup,10058,5030,0.7995712479300805,0.8102121774355029,0.08667992047713717,0.18846918489065606
char_cnn,raw_string,ebbu2017,aligned_matched,43,cross,domain_dedup,9657,5023,0.7952431546865428,0.8174221954573787,0.08361536930121441,0.18455106510053754
char_cnn,raw_string,ebbu2017,aligned_matched,44,cross,raw,10060,5030,0.7924081356789681,0.8067292214709751,0.08608349900596421,0.20894632206759442
char_cnn,raw_string,ebbu2017,aligned_matched,44,cross,url_dedup,10058,5030,0.7923325599307891,0.806731301643468,0.08608349900596421,0.20894632206759442
char_cnn,raw_string,ebbu2017,aligned_matched,44,cross,domain_dedup,9657,5023,0.7869975067645242,0.8136194700675387,0.07923551662353176,0.20804300218992633
char_cnn,raw_string,aligned_matched,aligned_matched,42,within,raw,1978,1036,0.9249225339989672,0.9274166717806505,0.06467181467181467,0.3001930501930502
char_cnn,raw_string,aligned_matched,phiusiil,42,cross,raw,60000,25603,0.5511087387459981,0.5520079499273736,0.040542123969847285,0.09858219739874234
char_cnn,raw_string,aligned_matched,phiusiil,42,cross,url_dedup,59976,25579,0.5509629665836514,0.5516572704021986,0.040501974275773095,0.09851831580593455
char_cnn,raw_string,aligned_matched,phiusiil,42,cross,domain_dedup,59010,24698,0.5579010098317826,0.5492990034369377,0.04133937970685885,0.10008907603854564
char_cnn,raw_string,aligned_matched,mendeley_phishurl,42,cross,raw,60000,18933,0.7529354174999796,0.6547694033983158,0.0648602968362119,0.19632387894153067
char_cnn,raw_string,aligned_matched,mendeley_phishurl,42,cross,url_dedup,59999,18932,0.7529238864045305,0.6547462301676438,0.06486372279738009,0.19633424889076695
char_cnn,raw_string,aligned_matched,mendeley_phishurl,42,cross,domain_dedup,58493,18574,0.754150037291651,0.6576057842662169,0.06379885861957575,0.1973188327770001
char_cnn,raw_string,aligned_matched,kaggle_malicious,42,cross,raw,60000,10831,0.6825519620911665,0.2966746029466101,0.006739913212076447,0.033053273012648876
char_cnn,raw_string,aligned_matched,kaggle_malicious,42,cross,url_dedup,60000,10831,0.6825519620911665,0.2966746029466101,0.006739913212076447,0.033053273012648876
char_cnn,raw_string,aligned_matched,kaggle_malicious,42,cross,domain_dedup,58128,10551,0.6807244632666032,0.2965554758640056,0.006255331248222917,0.032793100180077715
char_cnn,raw_string,aligned_matched,hannousse,42,cross,raw,11430,5715,0.7195634732010205,0.7557528251343522,0.10043744531933509,0.18250218722659667
char_cnn,raw_string,aligned_matched,hannousse,42,cross,url_dedup,11427,5712,0.7194666383613814,0.7555796107616136,0.10049019607843138,0.18242296918767506
char_cnn,raw_string,aligned_matched,hannousse,42,cross,domain_dedup,11201,5593,0.7241537561089328,0.7587537662250634,0.10262828535669587,0.18541033434650456
char_cnn,raw_string,aligned_matched,ebbu2017,42,cross,raw,60000,30360,0.8546141144324783,0.8747525068493568,0.15075757575757576,0.3303359683794466
char_cnn,raw_string,aligned_matched,ebbu2017,42,cross,url_dedup,59998,30360,0.8546180065544526,0.8747593489508252,0.15075757575757576,0.3303359683794466
char_cnn,raw_string,aligned_matched,ebbu2017,42,cross,domain_dedup,59107,30101,0.8536790557312917,0.8752855692532162,0.151788977110395,0.3303544732733132
char_cnn,raw_string,aligned_matched,aligned_natural,42,cross,raw,16336,8168,0.9541443022914486,0.9531148578007231,0.18584720861900098,0.490205680705191
char_cnn,raw_string,aligned_matched,aligned_natural,42,cross,url_dedup,6276,3138,0.9389548782355395,0.9348523293226932,0.09337157425111536,0.3884639898024219
char_cnn,raw_string,aligned_matched,aligned_natural,42,cross,domain_dedup,3944,3106,0.9393674879784604,0.9810014447880497,0.04764971023824855,0.4723116548615583
char_cnn,raw_string,aligned_matched,aligned_matched,43,within,raw,1989,1014,0.9282031052445253,0.9240670532608863,0.06903353057199212,0.28994082840236685
char_cnn,raw_string,aligned_matched,phiusiil,43,cross,raw,60000,25603,0.49121451598577015,0.503797217023603,0.0315978596258251,0.0802640315588017
char_cnn,raw_string,aligned_matched,phiusiil,43,cross,url_dedup,59976,25579,0.49108022844808474,0.5034218315956469,0.031549317799757615,0.08010477344696822
char_cnn,raw_string,aligned_matched,phiusiil,43,cross,domain_dedup,59010,24698,0.49446560251050214,0.4988566889683971,0.032148352093286904,0.0816665317029719
char_cnn,raw_string,aligned_matched,mendeley_phishurl,43,cross,raw,60000,18933,0.7299484264686794,0.6231747338014831,0.059367242381027835,0.17625310304758887
char_cnn,raw_string,aligned_matched,mendeley_phishurl,43,cross,url_dedup,59999,18932,0.7299346329282077,0.6231415202690735,0.05937037819564758,0.17620959222480456
char_cnn,raw_string,aligned_matched,mendeley_phishurl,43,cross,domain_dedup,58493,18574,0.7307188234704404,0.6256897404069125,0.05825347259610208,0.17745235275115753
char_cnn,raw_string,aligned_matched,kaggle_malicious,43,cross,raw,60000,10831,0.6610660226420781,0.2830404631327452,0.007293878681562183,0.031391376604191674
char_cnn,raw_string,aligned_matched,kaggle_malicious,43,cross,url_dedup,60000,10831,0.6610660226420781,0.2830404631327452,0.007293878681562183,0.031391376604191674
char_cnn,raw_string,aligned_matched,kaggle_malicious,43,cross,domain_dedup,58128,10551,0.6603754628273928,0.28366271598863313,0.007487441948630462,0.031750544972040565
char_cnn,raw_string,aligned_matched,hannousse,43,cross,raw,11430,5715,0.7052680051039115,0.7497598448923227,0.10481189851268591,0.19370078740157481
char_cnn,raw_string,aligned_matched,hannousse,43,cross,url_dedup,11427,5712,0.7051807862252513,0.7495779701993168,0.10469187675070028,0.19345238095238096
char_cnn,raw_string,aligned_matched,hannousse,43,cross,domain_dedup,11201,5593,0.7091508439962017,0.7523206976296783,0.10674056856785268,0.1963168246021813
char_cnn,raw_string,aligned_matched,ebbu2017,43,cross,raw,60000,30360,0.8263575666007015,0.8571503919140229,0.1392292490118577,0.33096179183135704
char_cnn,raw_string,aligned_matched,ebbu2017,43,cross,url_dedup,59998,30360,0.8263579404924828,0.8571551941772023,0.1392292490118577,0.33096179183135704
char_cnn,raw_string,aligned_matched,ebbu2017,43,cross,domain_dedup,59107,30101,0.8252398943369317,0.857797626694996,0.14032756386831002,0.3303544732733132
char_cnn,raw_string,aligned_matched,aligned_natural,43,cross,raw,16336,8168,0.9487418532559637,0.9481288122216079,0.19539666993143975,0.45592556317335947
char_cnn,raw_string,aligned_matched,aligned_natural,43,cross,url_dedup,6276,3138,0.9240657399316993,0.9185675306116741,0.10930528999362651,0.2925430210325048
char_cnn,raw_string,aligned_matched,aligned_natural,43,cross,domain_dedup,3944,3106,0.9241790083708952,0.9757075172361359,0.04507405022537025,0.34835801674179007
char_cnn,raw_string,aligned_matched,aligned_matched,44,within,raw,1933,1040,0.921834352657421,0.9317472713351482,0.21826923076923077,0.34615384615384615
char_cnn,raw_string,aligned_matched,phiusiil,44,cross,raw,60000,25603,0.5151070060535556,0.5092928580078183,0.02363004335429442,0.07053860875678632
char_cnn,raw_string,aligned_matched,phiusiil,44,cross,url_dedup,59976,25579,0.5150386621677061,0.5090377547620041,0.023652214707377144,0.07056569842448884
char_cnn,raw_string,aligned_matched,phiusiil,44,cross,domain_dedup,59010,24698,0.5209339363932249,0.505304974698408,0.024091019515750264,0.07182767835452264
char_cnn,raw_string,aligned_matched,mendeley_phishurl,44,cross,raw,60000,18933,0.7393246911724349,0.6245689608032456,0.054349548407542386,0.1735593936512967
char_cnn,raw_string,aligned_matched,mendeley_phishurl,44,cross,url_dedup,59999,18932,0.7393118932262173,0.6245398119267914,0.05435241918444961,0.1735685611662793
char_cnn,raw_string,aligned_matched,mendeley_phishurl,44,cross,domain_dedup,58493,18574,0.7407004608581328,0.6276685566023028,0.051146764294174654,0.17481425648756327
char_cnn,raw_string,aligned_matched,kaggle_malicious,44,cross,raw,60000,10831,0.6682657570126554,0.2852695183950483,0.004893361647123996,0.031022066291201182
char_cnn,raw_string,aligned_matched,kaggle_malicious,44,cross,url_dedup,60000,10831,0.6682657570126554,0.2852695183950483,0.004893361647123996,0.031022066291201182
char_cnn,raw_string,aligned_matched,kaggle_malicious,44,cross,domain_dedup,58128,10551,0.6671115047245234,0.28575808111162476,0.004928442801630177,0.030139323286892238
char_cnn,raw_string,aligned_matched,hannousse,44,cross,raw,11430,5715,0.7067429344735233,0.7384440453502398,0.09221347331583551,0.17305336832895887
char_cnn,raw_string,aligned_matched,hannousse,44,cross,url_dedup,11427,5712,0.7066301761299445,0.7382324694102322,0.09226190476190477,0.17279411764705882
char_cnn,raw_string,aligned_matched,hannousse,44,cross,domain_dedup,11201,5593,0.7107664066020982,0.7411350428764869,0.09422492401215805,0.1757554085463973
char_cnn,raw_string,aligned_matched,ebbu2017,44,cross,raw,60000,30360,0.8414792513455271,0.8613627938576577,0.13465085638998683,0.2901844532279315
char_cnn,raw_string,aligned_matched,ebbu2017,44,cross,url_dedup,59998,30360,0.8414831128511531,0.8613700189577667,0.13465085638998683,0.2901844532279315
char_cnn,raw_string,aligned_matched,ebbu2017,44,cross,domain_dedup,59107,30101,0.8406308193796233,0.8622777688042087,0.13570977708381782,0.29035580213281953
char_cnn,raw_string,aligned_matched,aligned_natural,44,cross,raw,16336,8168,0.9523270531617616,0.951989104942322,0.17372673849167483,0.4736777668952008
char_cnn,raw_string,aligned_matched,aligned_natural,44,cross,url_dedup,6276,3138,0.9369530592124906,0.9336227771606832,0.09783301465901849,0.3702995538559592
char_cnn,raw_string,aligned_matched,aligned_natural,44,cross,domain_dedup,3944,3106,0.9362904502333615,0.9803314423333525,0.08370895041854476,0.41307147456535737
char_cnn,raw_string,aligned_natural,aligned_matched,42,cross,raw,10060,5030,0.9571566228869329,0.9542327166192458,0.2147117296222664,0.4558648111332008
char_cnn,raw_string,aligned_natural,aligned_matched,42,cross,url_dedup,0,0,,,,
char_cnn,raw_string,aligned_natural,aligned_matched,42,cross,domain_dedup,0,0,,,,
char_cnn,raw_string,aligned_natural,aligned_matched,43,cross,raw,10060,5030,0.9605056144247832,0.9584303847681812,0.262624254473161,0.5157057654075546
char_cnn,raw_string,aligned_natural,aligned_matched,43,cross,url_dedup,0,0,,,,
char_cnn,raw_string,aligned_natural,aligned_matched,43,cross,domain_dedup,0,0,,,,
char_cnn,raw_string,aligned_natural,aligned_matched,44,cross,raw,10060,5030,0.9614268662379599,0.9595944122579212,0.19582504970178927,0.5224652087475149
char_cnn,raw_string,aligned_natural,aligned_matched,44,cross,url_dedup,0,0,,,,
char_cnn,raw_string,aligned_natural,aligned_matched,44,cross,domain_dedup,0,0,,,,
