train,test,domain_dedup,raw,url_dedup,retained_url,retained_domain
aligned_matched,ebbu2017,0.8661,0.8656,0.8656,1.0,0.985
aligned_matched,hannousse,0.7859,0.7844,0.7843,1.0,0.98
aligned_matched,kaggle_malicious,0.5667,0.57,0.57,1.0,0.969
aligned_matched,mendeley_phishurl,0.8007,0.8004,0.8004,1.0,0.975
aligned_matched,phiusiil,0.6093,0.615,0.6148,1.0,0.984
aligned_natural,ebbu2017,0.897,0.8969,0.8969,1.0,0.984
aligned_natural,hannousse,0.7761,0.7747,0.7745,0.999,0.975
aligned_natural,kaggle_malicious,0.5033,0.5053,0.5052,1.0,0.964
aligned_natural,mendeley_phishurl,0.9044,0.9032,0.9032,1.0,0.97
aligned_natural,phiusiil,0.6555,0.6591,0.6588,0.999,0.969
ebbu2017,aligned_matched,0.7964,0.8019,0.8019,1.0,0.96
ebbu2017,aligned_natural,0.8354,0.84,0.84,1.0,0.959
ebbu2017,hannousse,0.837,0.8902,0.8278,0.698,0.573
ebbu2017,kaggle_malicious,0.6788,0.6653,0.6651,0.999,0.675
ebbu2017,mendeley_phishurl,0.9556,0.9596,0.9562,0.975,0.679
ebbu2017,phiusiil,0.7426,0.7341,0.734,1.0,0.963
hannousse,aligned_matched,0.7956,0.7972,0.7971,1.0,0.979
hannousse,aligned_natural,0.8047,0.8059,0.8057,0.999,0.98
hannousse,ebbu2017,0.9504,0.97,0.9659,0.914,0.707
hannousse,kaggle_malicious,0.4904,0.5389,0.5286,0.994,0.765
hannousse,mendeley_phishurl,0.9345,0.9386,0.9383,0.997,0.772
hannousse,phiusiil,0.8305,0.8636,0.8635,0.999,0.899
kaggle_malicious,aligned_matched,0.6415,0.6447,0.6447,1.0,0.961
kaggle_malicious,aligned_natural,0.4985,0.4998,0.5,1.0,0.962
kaggle_malicious,ebbu2017,0.3442,0.2946,0.2946,0.999,0.775
kaggle_malicious,hannousse,0.4082,0.4509,0.4456,0.965,0.673
kaggle_malicious,mendeley_phishurl,0.1748,0.1932,0.1934,0.923,0.469
kaggle_malicious,phiusiil,0.3173,0.394,0.394,0.999,0.879
mendeley_phishurl,aligned_matched,0.6845,0.6862,0.6862,1.0,0.959
mendeley_phishurl,aligned_natural,0.7869,0.7888,0.7887,1.0,0.959
mendeley_phishurl,ebbu2017,0.8609,0.8731,0.8764,0.948,0.608
mendeley_phishurl,hannousse,0.7993,0.787,0.7853,0.985,0.697
mendeley_phishurl,kaggle_malicious,0.2364,0.2361,0.2354,0.923,0.464
mendeley_phishurl,phiusiil,0.9707,0.979,0.9788,0.996,0.837
phiusiil,aligned_matched,0.4391,0.4428,0.4425,0.998,0.966
phiusiil,aligned_natural,0.5736,0.5768,0.5767,0.998,0.966
phiusiil,ebbu2017,0.7228,0.723,0.7228,0.999,0.954
phiusiil,hannousse,0.702,0.6781,0.6763,0.994,0.832
phiusiil,kaggle_malicious,0.2181,0.2258,0.2256,0.999,0.927
phiusiil,mendeley_phishurl,0.9564,0.9307,0.9313,0.996,0.859
