train,test,roc_auc,feature,sep
kaggle_malicious,mendeley_phishurl,0.1695252641055226,is_https,-3.8850114345550537
kaggle_malicious,ebbu2017,0.2945674871625958,is_https,-2.316030979156494
mendeley_phishurl,kaggle_malicious,0.2366559539273122,subdomain_length,-2.1941676139831543
kaggle_malicious,mendeley_phishurl,0.1695252641055226,subdomain_length,-1.266687273979187
kaggle_malicious,phiusiil,0.4071463026911401,is_https,-1.1369006633758545
kaggle_malicious,ebbu2017,0.2945674871625958,subdomain_length,-1.0086861848831177
kaggle_malicious,hannousse,0.4482114495093188,subdomain_length,-0.9514812231063844
phiusiil,kaggle_malicious,0.2346468259071811,subdomain_length,-0.894626259803772
kaggle_malicious,phiusiil,0.4071463026911401,path_length,-0.8825173377990723
kaggle_malicious,aligned_natural,0.4899044121561796,is_https,-0.7280764579772949
kaggle_malicious,aligned_natural,0.4899044121561796,subdomain_length,-0.7069634199142456
kaggle_malicious,hannousse,0.4482114495093188,is_https,-0.6703944206237793
phiusiil,kaggle_malicious,0.2346468259071811,path_length,-0.3857636451721191
kaggle_malicious,mendeley_phishurl,0.1695252641055226,n_subdomains,-0.317569375038147
mendeley_phishurl,kaggle_malicious,0.2366559539273122,n_subdomains,-0.2953159213066101
phiusiil,aligned_matched,0.4364293760301017,path_length,-0.2424564361572265
phiusiil,aligned_matched,0.4364293760301017,domain_length,-0.2358739227056503
phiusiil,kaggle_malicious,0.2346468259071811,url_entropy,-0.2248258292675018
kaggle_malicious,phiusiil,0.4071463026911401,n_letters,-0.2242838442325592
phiusiil,aligned_matched,0.4364293760301017,n_subdomains,-0.1968389451503753
kaggle_malicious,ebbu2017,0.2945674871625958,n_subdomains,-0.1833356022834777
kaggle_malicious,aligned_natural,0.4899044121561796,longest_token_path,-0.1688649654388427
mendeley_phishurl,kaggle_malicious,0.2366559539273122,url_length,-0.1461749970912933
kaggle_malicious,hannousse,0.4482114495093188,url_length,-0.0873067155480384
