model,featset,aligned,within,within_tpr_fpr_0.01,to_core,to_core_inverted,from_core,from_core_inverted
char_cnn,raw_string,aligned_matched,0.925,0.3121,0.6964,0,0.6513,1
char_cnn,raw_string,aligned_natural,0.9489,0.3584,0.7877,0,0.6901,0
distilbert-base-uncased,raw_string,aligned_matched,0.9777,0.674,0.7688,0,0.7448,0
distilbert-base-uncased,raw_string,aligned_natural,0.9832,0.6812,0.7877,0,0.7837,0
lr,full,aligned_matched,0.8627,0.1584,0.674,1,0.6304,1
lr,full,aligned_natural,0.9048,0.2317,0.7503,0,0.6408,2
lr,host_only,aligned_matched,0.7659,0.0926,0.6028,1,0.6169,1
lr,host_only,aligned_natural,0.8079,0.0969,0.6646,1,0.6592,1
lr,targeted_ablation,aligned_matched,0.857,0.1696,0.685,1,0.6739,1
lr,targeted_ablation,aligned_natural,0.8942,0.2131,0.709,0,0.6813,1
tfidf_lr,raw_string,aligned_matched,0.9618,0.534,0.7705,0,0.7252,0
tfidf_lr,raw_string,aligned_natural,0.9665,0.4221,0.8583,0,0.7649,0
xgb,full,aligned_matched,0.9221,0.4011,0.7271,0,0.6746,1
xgb,full,aligned_natural,0.9469,0.4338,0.7478,0,0.7023,1
xgb,host_only,aligned_matched,0.7523,0.096,0.6096,1,0.6002,1
xgb,host_only,aligned_natural,0.789,0.1351,0.6701,1,0.6398,1
xgb,targeted_ablation,aligned_matched,0.8989,0.3294,0.7242,0,0.679,1
xgb,targeted_ablation,aligned_natural,0.9253,0.3465,0.7368,0,0.6718,1
xgb_nowww,full,aligned_matched,0.9217,0.3934,0.6882,0,0.6616,1
xgb_nowww,full,aligned_natural,0.9388,0.395,0.7104,0,0.675,1
xgb_nowww,host_only,aligned_matched,0.7392,0.096,0.5487,1,0.5273,1
xgb_nowww,host_only,aligned_natural,0.7165,0.1156,0.5837,0,0.5587,1
xgb_nowww,targeted_ablation,aligned_matched,0.8993,0.3201,0.6794,1,0.689,1
xgb_nowww,targeted_ablation,aligned_natural,0.9149,0.2857,0.6895,1,0.6816,1
