model,featset,train,test,seed,kind,roc_auc
xgb,targeted_ablation,phiusiil,phiusiil,42,within,0.9969
xgb,targeted_ablation,phiusiil,phiusiil,43,within,0.9971
xgb,targeted_ablation,phiusiil,phiusiil,44,within,0.9953
xgb,targeted_ablation,phiusiil,phiusiil,45,within,0.9971
xgb,targeted_ablation,phiusiil,phiusiil,46,within,0.9961
xgb,targeted_ablation,phiusiil,kaggle_malicious,42,cross,0.2686
xgb,targeted_ablation,phiusiil,kaggle_malicious,43,cross,0.2654
xgb,targeted_ablation,phiusiil,kaggle_malicious,44,cross,0.2642
xgb,targeted_ablation,phiusiil,kaggle_malicious,45,cross,0.2718
xgb,targeted_ablation,phiusiil,kaggle_malicious,46,cross,0.2654
xgb,targeted_ablation,phiusiil,mendeley_phishurl,42,cross,0.6427
xgb,targeted_ablation,phiusiil,mendeley_phishurl,43,cross,0.671
xgb,targeted_ablation,phiusiil,mendeley_phishurl,44,cross,0.6775
xgb,targeted_ablation,phiusiil,mendeley_phishurl,45,cross,0.6498
xgb,targeted_ablation,phiusiil,mendeley_phishurl,46,cross,0.6787
xgb,targeted_ablation,phiusiil,hannousse,42,cross,0.6554
xgb,targeted_ablation,phiusiil,hannousse,43,cross,0.6643
xgb,targeted_ablation,phiusiil,hannousse,44,cross,0.6648
xgb,targeted_ablation,phiusiil,hannousse,45,cross,0.6514
xgb,targeted_ablation,phiusiil,hannousse,46,cross,0.6692
xgb,targeted_ablation,kaggle_malicious,phiusiil,42,cross,0.283
xgb,targeted_ablation,kaggle_malicious,phiusiil,43,cross,0.2839
xgb,targeted_ablation,kaggle_malicious,phiusiil,44,cross,0.2761
xgb,targeted_ablation,kaggle_malicious,phiusiil,45,cross,0.2919
xgb,targeted_ablation,kaggle_malicious,phiusiil,46,cross,0.2789
xgb,targeted_ablation,kaggle_malicious,kaggle_malicious,42,within,0.8769
xgb,targeted_ablation,kaggle_malicious,kaggle_malicious,43,within,0.9082
xgb,targeted_ablation,kaggle_malicious,kaggle_malicious,44,within,0.8895
xgb,targeted_ablation,kaggle_malicious,kaggle_malicious,45,within,0.898
xgb,targeted_ablation,kaggle_malicious,kaggle_malicious,46,within,0.8958
xgb,targeted_ablation,kaggle_malicious,mendeley_phishurl,42,cross,0.2813
xgb,targeted_ablation,kaggle_malicious,mendeley_phishurl,43,cross,0.2802
xgb,targeted_ablation,kaggle_malicious,mendeley_phishurl,44,cross,0.2836
xgb,targeted_ablation,kaggle_malicious,mendeley_phishurl,45,cross,0.2846
xgb,targeted_ablation,kaggle_malicious,mendeley_phishurl,46,cross,0.2833
xgb,targeted_ablation,kaggle_malicious,hannousse,42,cross,0.446
xgb,targeted_ablation,kaggle_malicious,hannousse,43,cross,0.4457
xgb,targeted_ablation,kaggle_malicious,hannousse,44,cross,0.4498
xgb,targeted_ablation,kaggle_malicious,hannousse,45,cross,0.4452
xgb,targeted_ablation,kaggle_malicious,hannousse,46,cross,0.4495
xgb,targeted_ablation,mendeley_phishurl,phiusiil,42,cross,0.8639
xgb,targeted_ablation,mendeley_phishurl,phiusiil,43,cross,0.8621
xgb,targeted_ablation,mendeley_phishurl,phiusiil,44,cross,0.8634
xgb,targeted_ablation,mendeley_phishurl,phiusiil,45,cross,0.8683
xgb,targeted_ablation,mendeley_phishurl,phiusiil,46,cross,0.8623
xgb,targeted_ablation,mendeley_phishurl,kaggle_malicious,42,cross,0.2636
xgb,targeted_ablation,mendeley_phishurl,kaggle_malicious,43,cross,0.2741
xgb,targeted_ablation,mendeley_phishurl,kaggle_malicious,44,cross,0.2751
xgb,targeted_ablation,mendeley_phishurl,kaggle_malicious,45,cross,0.2722
xgb,targeted_ablation,mendeley_phishurl,kaggle_malicious,46,cross,0.2788
xgb,targeted_ablation,mendeley_phishurl,mendeley_phishurl,42,within,0.9822
xgb,targeted_ablation,mendeley_phishurl,mendeley_phishurl,43,within,0.9886
xgb,targeted_ablation,mendeley_phishurl,mendeley_phishurl,44,within,0.9793
xgb,targeted_ablation,mendeley_phishurl,mendeley_phishurl,45,within,0.986
xgb,targeted_ablation,mendeley_phishurl,mendeley_phishurl,46,within,0.9856
xgb,targeted_ablation,mendeley_phishurl,hannousse,42,cross,0.8436
xgb,targeted_ablation,mendeley_phishurl,hannousse,43,cross,0.8425
xgb,targeted_ablation,mendeley_phishurl,hannousse,44,cross,0.8447
xgb,targeted_ablation,mendeley_phishurl,hannousse,45,cross,0.8442
xgb,targeted_ablation,mendeley_phishurl,hannousse,46,cross,0.8477
xgb,targeted_ablation,hannousse,phiusiil,42,cross,0.8328
xgb,targeted_ablation,hannousse,phiusiil,43,cross,0.8371
xgb,targeted_ablation,hannousse,phiusiil,44,cross,0.8364
xgb,targeted_ablation,hannousse,phiusiil,45,cross,0.8337
xgb,targeted_ablation,hannousse,phiusiil,46,cross,0.8324
xgb,targeted_ablation,hannousse,kaggle_malicious,42,cross,0.5368
xgb,targeted_ablation,hannousse,kaggle_malicious,43,cross,0.5385
xgb,targeted_ablation,hannousse,kaggle_malicious,44,cross,0.5382
xgb,targeted_ablation,hannousse,kaggle_malicious,45,cross,0.5359
xgb,targeted_ablation,hannousse,kaggle_malicious,46,cross,0.5334
xgb,targeted_ablation,hannousse,mendeley_phishurl,42,cross,0.9233
xgb,targeted_ablation,hannousse,mendeley_phishurl,43,cross,0.924
xgb,targeted_ablation,hannousse,mendeley_phishurl,44,cross,0.9233
xgb,targeted_ablation,hannousse,mendeley_phishurl,45,cross,0.9259
xgb,targeted_ablation,hannousse,mendeley_phishurl,46,cross,0.9245
xgb,targeted_ablation,hannousse,hannousse,42,within,0.922
xgb,targeted_ablation,hannousse,hannousse,43,within,0.9064
xgb,targeted_ablation,hannousse,hannousse,44,within,0.9171
xgb,targeted_ablation,hannousse,hannousse,45,within,0.9265
xgb,targeted_ablation,hannousse,hannousse,46,within,0.9309
xgb,host_only,phiusiil,phiusiil,42,within,0.8867
xgb,host_only,phiusiil,phiusiil,43,within,0.8997
xgb,host_only,phiusiil,phiusiil,44,within,0.8091
xgb,host_only,phiusiil,phiusiil,45,within,0.8892
xgb,host_only,phiusiil,phiusiil,46,within,0.8225
xgb,host_only,phiusiil,kaggle_malicious,42,cross,0.2629
xgb,host_only,phiusiil,kaggle_malicious,43,cross,0.2613
xgb,host_only,phiusiil,kaggle_malicious,44,cross,0.2603
xgb,host_only,phiusiil,kaggle_malicious,45,cross,0.2583
xgb,host_only,phiusiil,kaggle_malicious,46,cross,0.2555
xgb,host_only,phiusiil,mendeley_phishurl,42,cross,0.9293
xgb,host_only,phiusiil,mendeley_phishurl,43,cross,0.9291
xgb,host_only,phiusiil,mendeley_phishurl,44,cross,0.9287
xgb,host_only,phiusiil,mendeley_phishurl,45,cross,0.9294
xgb,host_only,phiusiil,mendeley_phishurl,46,cross,0.9291
xgb,host_only,phiusiil,hannousse,42,cross,0.7483
xgb,host_only,phiusiil,hannousse,43,cross,0.7479
xgb,host_only,phiusiil,hannousse,44,cross,0.7462
xgb,host_only,phiusiil,hannousse,45,cross,0.748
xgb,host_only,phiusiil,hannousse,46,cross,0.7477
xgb,host_only,kaggle_malicious,phiusiil,42,cross,0.2933
xgb,host_only,kaggle_malicious,phiusiil,43,cross,0.2922
xgb,host_only,kaggle_malicious,phiusiil,44,cross,0.2902
xgb,host_only,kaggle_malicious,phiusiil,45,cross,0.2906
xgb,host_only,kaggle_malicious,phiusiil,46,cross,0.288
xgb,host_only,kaggle_malicious,kaggle_malicious,42,within,0.7906
xgb,host_only,kaggle_malicious,kaggle_malicious,43,within,0.8476
xgb,host_only,kaggle_malicious,kaggle_malicious,44,within,0.7986
xgb,host_only,kaggle_malicious,kaggle_malicious,45,within,0.8036
xgb,host_only,kaggle_malicious,kaggle_malicious,46,within,0.8076
xgb,host_only,kaggle_malicious,mendeley_phishurl,42,cross,0.1927
xgb,host_only,kaggle_malicious,mendeley_phishurl,43,cross,0.1941
xgb,host_only,kaggle_malicious,mendeley_phishurl,44,cross,0.1854
xgb,host_only,kaggle_malicious,mendeley_phishurl,45,cross,0.1857
xgb,host_only,kaggle_malicious,mendeley_phishurl,46,cross,0.1866
xgb,host_only,kaggle_malicious,hannousse,42,cross,0.4059
xgb,host_only,kaggle_malicious,hannousse,43,cross,0.4094
xgb,host_only,kaggle_malicious,hannousse,44,cross,0.4079
xgb,host_only,kaggle_malicious,hannousse,45,cross,0.4095
xgb,host_only,kaggle_malicious,hannousse,46,cross,0.404
xgb,host_only,mendeley_phishurl,phiusiil,42,cross,0.8034
xgb,host_only,mendeley_phishurl,phiusiil,43,cross,0.8041
xgb,host_only,mendeley_phishurl,phiusiil,44,cross,0.8031
xgb,host_only,mendeley_phishurl,phiusiil,45,cross,0.8034
xgb,host_only,mendeley_phishurl,phiusiil,46,cross,0.8041
xgb,host_only,mendeley_phishurl,kaggle_malicious,42,cross,0.2888
xgb,host_only,mendeley_phishurl,kaggle_malicious,43,cross,0.2881
xgb,host_only,mendeley_phishurl,kaggle_malicious,44,cross,0.288
xgb,host_only,mendeley_phishurl,kaggle_malicious,45,cross,0.2938
xgb,host_only,mendeley_phishurl,kaggle_malicious,46,cross,0.2915
xgb,host_only,mendeley_phishurl,mendeley_phishurl,42,within,0.9544
xgb,host_only,mendeley_phishurl,mendeley_phishurl,43,within,0.97
xgb,host_only,mendeley_phishurl,mendeley_phishurl,44,within,0.9538
xgb,host_only,mendeley_phishurl,mendeley_phishurl,45,within,0.9625
xgb,host_only,mendeley_phishurl,mendeley_phishurl,46,within,0.9578
xgb,host_only,mendeley_phishurl,hannousse,42,cross,0.7444
xgb,host_only,mendeley_phishurl,hannousse,43,cross,0.7436
xgb,host_only,mendeley_phishurl,hannousse,44,cross,0.7417
xgb,host_only,mendeley_phishurl,hannousse,45,cross,0.7417
xgb,host_only,mendeley_phishurl,hannousse,46,cross,0.742
xgb,host_only,hannousse,phiusiil,42,cross,0.7989
xgb,host_only,hannousse,phiusiil,43,cross,0.7987
xgb,host_only,hannousse,phiusiil,44,cross,0.7976
xgb,host_only,hannousse,phiusiil,45,cross,0.7988
xgb,host_only,hannousse,phiusiil,46,cross,0.7991
xgb,host_only,hannousse,kaggle_malicious,42,cross,0.4065
xgb,host_only,hannousse,kaggle_malicious,43,cross,0.4063
xgb,host_only,hannousse,kaggle_malicious,44,cross,0.407
xgb,host_only,hannousse,kaggle_malicious,45,cross,0.4058
xgb,host_only,hannousse,kaggle_malicious,46,cross,0.4073
xgb,host_only,hannousse,mendeley_phishurl,42,cross,0.8612
xgb,host_only,hannousse,mendeley_phishurl,43,cross,0.8624
xgb,host_only,hannousse,mendeley_phishurl,44,cross,0.8621
xgb,host_only,hannousse,mendeley_phishurl,45,cross,0.8665
xgb,host_only,hannousse,mendeley_phishurl,46,cross,0.8625
xgb,host_only,hannousse,hannousse,42,within,0.7832
xgb,host_only,hannousse,hannousse,43,within,0.738
xgb,host_only,hannousse,hannousse,44,within,0.7569
xgb,host_only,hannousse,hannousse,45,within,0.7827
xgb,host_only,hannousse,hannousse,46,within,0.7536
lr,full,phiusiil,phiusiil,42,within,0.9978
lr,full,phiusiil,phiusiil,43,within,0.9976
lr,full,phiusiil,phiusiil,44,within,0.9966
lr,full,phiusiil,phiusiil,45,within,0.9982
lr,full,phiusiil,phiusiil,46,within,0.9958
lr,full,phiusiil,kaggle_malicious,42,cross,0.3584
lr,full,phiusiil,mendeley_phishurl,42,cross,0.6893
lr,full,phiusiil,hannousse,42,cross,0.6768
lr,full,kaggle_malicious,phiusiil,42,cross,0.0165
lr,full,kaggle_malicious,kaggle_malicious,42,within,0.8373
lr,full,kaggle_malicious,kaggle_malicious,43,within,0.8752
lr,full,kaggle_malicious,kaggle_malicious,44,within,0.8462
lr,full,kaggle_malicious,kaggle_malicious,45,within,0.8854
lr,full,kaggle_malicious,kaggle_malicious,46,within,0.8655
lr,full,kaggle_malicious,mendeley_phishurl,42,cross,0.1361
lr,full,kaggle_malicious,hannousse,42,cross,0.375
lr,full,mendeley_phishurl,phiusiil,42,cross,0.9673
lr,full,mendeley_phishurl,kaggle_malicious,42,cross,0.3231
lr,full,mendeley_phishurl,mendeley_phishurl,42,within,0.9844
lr,full,mendeley_phishurl,mendeley_phishurl,43,within,0.9595
lr,full,mendeley_phishurl,mendeley_phishurl,44,within,0.9468
lr,full,mendeley_phishurl,mendeley_phishurl,45,within,0.9876
lr,full,mendeley_phishurl,mendeley_phishurl,46,within,0.9682
lr,full,mendeley_phishurl,hannousse,42,cross,0.6883
lr,full,hannousse,phiusiil,42,cross,0.9178
lr,full,hannousse,kaggle_malicious,42,cross,0.4876
lr,full,hannousse,mendeley_phishurl,42,cross,0.8957
lr,full,hannousse,hannousse,42,within,0.8883
lr,full,hannousse,hannousse,43,within,0.8633
lr,full,hannousse,hannousse,44,within,0.8946
lr,full,hannousse,hannousse,45,within,0.8927
lr,full,hannousse,hannousse,46,within,0.9114
lr,targeted_ablation,phiusiil,phiusiil,42,within,0.8666
lr,targeted_ablation,phiusiil,phiusiil,43,within,0.8691
lr,targeted_ablation,phiusiil,phiusiil,44,within,0.753
lr,targeted_ablation,phiusiil,phiusiil,45,within,0.8781
lr,targeted_ablation,phiusiil,phiusiil,46,within,0.8093
lr,targeted_ablation,phiusiil,kaggle_malicious,42,cross,0.3315
lr,targeted_ablation,phiusiil,mendeley_phishurl,42,cross,0.6319
lr,targeted_ablation,phiusiil,hannousse,42,cross,0.7501
lr,targeted_ablation,kaggle_malicious,phiusiil,42,cross,0.2204
lr,targeted_ablation,kaggle_malicious,kaggle_malicious,42,within,0.7873
lr,targeted_ablation,kaggle_malicious,kaggle_malicious,43,within,0.8523
lr,targeted_ablation,kaggle_malicious,kaggle_malicious,44,within,0.8294
lr,targeted_ablation,kaggle_malicious,kaggle_malicious,45,within,0.8493
lr,targeted_ablation,kaggle_malicious,kaggle_malicious,46,within,0.8423
lr,targeted_ablation,kaggle_malicious,mendeley_phishurl,42,cross,0.3367
lr,targeted_ablation,kaggle_malicious,hannousse,42,cross,0.375
lr,targeted_ablation,mendeley_phishurl,phiusiil,42,cross,0.7649
lr,targeted_ablation,mendeley_phishurl,kaggle_malicious,42,cross,0.3653
lr,targeted_ablation,mendeley_phishurl,mendeley_phishurl,42,within,0.944
lr,targeted_ablation,mendeley_phishurl,mendeley_phishurl,43,within,0.9055
lr,targeted_ablation,mendeley_phishurl,mendeley_phishurl,44,within,0.8836
lr,targeted_ablation,mendeley_phishurl,mendeley_phishurl,45,within,0.9602
lr,targeted_ablation,mendeley_phishurl,mendeley_phishurl,46,within,0.901
lr,targeted_ablation,mendeley_phishurl,hannousse,42,cross,0.8074
lr,targeted_ablation,hannousse,phiusiil,42,cross,0.7887
lr,targeted_ablation,hannousse,kaggle_malicious,42,cross,0.4734
lr,targeted_ablation,hannousse,mendeley_phishurl,42,cross,0.8742
lr,targeted_ablation,hannousse,hannousse,42,within,0.8697
lr,targeted_ablation,hannousse,hannousse,43,within,0.836
lr,targeted_ablation,hannousse,hannousse,44,within,0.8707
lr,targeted_ablation,hannousse,hannousse,45,within,0.8779
lr,targeted_ablation,hannousse,hannousse,46,within,0.8956
lr,host_only,phiusiil,phiusiil,42,within,0.7863
lr,host_only,phiusiil,phiusiil,43,within,0.803
lr,host_only,phiusiil,phiusiil,44,within,0.6295
lr,host_only,phiusiil,phiusiil,45,within,0.8084
lr,host_only,phiusiil,phiusiil,46,within,0.7101
lr,host_only,phiusiil,kaggle_malicious,42,cross,0.2849
lr,host_only,phiusiil,mendeley_phishurl,42,cross,0.8899
lr,host_only,phiusiil,hannousse,42,cross,0.7549
lr,host_only,kaggle_malicious,phiusiil,42,cross,0.2323
lr,host_only,kaggle_malicious,kaggle_malicious,42,within,0.7613
lr,host_only,kaggle_malicious,kaggle_malicious,43,within,0.817
lr,host_only,kaggle_malicious,kaggle_malicious,44,within,0.7742
lr,host_only,kaggle_malicious,kaggle_malicious,45,within,0.8034
lr,host_only,kaggle_malicious,kaggle_malicious,46,within,0.7981
lr,host_only,kaggle_malicious,mendeley_phishurl,42,cross,0.1506
lr,host_only,kaggle_malicious,hannousse,42,cross,0.3277
lr,host_only,mendeley_phishurl,phiusiil,42,cross,0.7472
lr,host_only,mendeley_phishurl,kaggle_malicious,42,cross,0.269
lr,host_only,mendeley_phishurl,mendeley_phishurl,42,within,0.9058
lr,host_only,mendeley_phishurl,mendeley_phishurl,43,within,0.8824
lr,host_only,mendeley_phishurl,mendeley_phishurl,44,within,0.8591
lr,host_only,mendeley_phishurl,mendeley_phishurl,45,within,0.9336
lr,host_only,mendeley_phishurl,mendeley_phishurl,46,within,0.8768
lr,host_only,mendeley_phishurl,hannousse,42,cross,0.6607
lr,host_only,hannousse,phiusiil,42,cross,0.7672
lr,host_only,hannousse,kaggle_malicious,42,cross,0.3788
lr,host_only,hannousse,mendeley_phishurl,42,cross,0.8626
lr,host_only,hannousse,hannousse,42,within,0.7873
lr,host_only,hannousse,hannousse,43,within,0.6984
lr,host_only,hannousse,hannousse,44,within,0.7447
lr,host_only,hannousse,hannousse,45,within,0.7756
lr,host_only,hannousse,hannousse,46,within,0.7815
