a,b,ab,ba,asym,p_raw,p_holm,sig
kaggle_malicious,ebbu2017,0.3001,0.6742,0.3741,0.007937,0.07937,False
phiusiil,hannousse,0.688,0.8603,0.1723,0.007937,0.07937,False
mendeley_phishurl,hannousse,0.7823,0.94,0.1578,0.007937,0.07937,False
phiusiil,kaggle_malicious,0.2427,0.3667,0.124,0.007937,0.07937,False
kaggle_malicious,hannousse,0.4618,0.5561,0.0943,0.007937,0.07937,False
mendeley_phishurl,ebbu2017,0.8694,0.9581,0.0887,0.007937,0.07937,False
hannousse,ebbu2017,0.9688,0.8889,0.0799,0.011412,0.07937,False
phiusiil,mendeley_phishurl,0.9296,0.9788,0.0492,0.007937,0.07937,False
mendeley_phishurl,kaggle_malicious,0.2379,0.202,0.0358,0.007937,0.07937,False
phiusiil,ebbu2017,0.7318,0.7513,0.0195,0.222222,0.22222,False
