train,test,seed,kind,roc_auc
ebbu2017,ebbu2017,42,within,0.9793
ebbu2017,ebbu2017,43,within,0.9717
ebbu2017,ebbu2017,44,within,0.9814
ebbu2017,ebbu2017,45,within,0.9799
ebbu2017,ebbu2017,46,within,0.9749
ebbu2017,phiusiil,42,cross,0.7421
ebbu2017,phiusiil,43,cross,0.7542
ebbu2017,phiusiil,44,cross,0.7605
ebbu2017,phiusiil,45,cross,0.7661
ebbu2017,phiusiil,46,cross,0.7338
ebbu2017,kaggle_malicious,42,cross,0.6711
ebbu2017,kaggle_malicious,43,cross,0.6741
ebbu2017,kaggle_malicious,44,cross,0.6755
ebbu2017,kaggle_malicious,45,cross,0.6764
ebbu2017,kaggle_malicious,46,cross,0.6737
ebbu2017,mendeley_phishurl,42,cross,0.9575
ebbu2017,mendeley_phishurl,43,cross,0.955
ebbu2017,mendeley_phishurl,44,cross,0.9582
ebbu2017,mendeley_phishurl,45,cross,0.9613
ebbu2017,mendeley_phishurl,46,cross,0.9585
ebbu2017,hannousse,42,cross,0.8883
ebbu2017,hannousse,43,cross,0.8883
ebbu2017,hannousse,44,cross,0.889
ebbu2017,hannousse,45,cross,0.8906
ebbu2017,hannousse,46,cross,0.8885
phiusiil,ebbu2017,42,cross,0.7198
phiusiil,ebbu2017,43,cross,0.711
phiusiil,ebbu2017,44,cross,0.7232
phiusiil,ebbu2017,45,cross,0.738
phiusiil,ebbu2017,46,cross,0.7671
kaggle_malicious,ebbu2017,42,cross,0.3018
kaggle_malicious,ebbu2017,43,cross,0.2984
kaggle_malicious,ebbu2017,44,cross,0.3026
kaggle_malicious,ebbu2017,45,cross,0.2997
kaggle_malicious,ebbu2017,46,cross,0.2979
mendeley_phishurl,ebbu2017,42,cross,0.8657
mendeley_phishurl,ebbu2017,43,cross,0.8712
mendeley_phishurl,ebbu2017,44,cross,0.8749
mendeley_phishurl,ebbu2017,45,cross,0.8677
mendeley_phishurl,ebbu2017,46,cross,0.8673
hannousse,ebbu2017,42,cross,0.9686
hannousse,ebbu2017,43,cross,0.9688
hannousse,ebbu2017,44,cross,0.969
hannousse,ebbu2017,45,cross,0.969
hannousse,ebbu2017,46,cross,0.9688
phiusiil,phishstorm,42,cross,0.7117
phiusiil,phishstorm,43,cross,0.7115
phiusiil,phishstorm,44,cross,0.6966
phiusiil,phishstorm,45,cross,0.7356
phiusiil,phishstorm,46,cross,0.7225
