train,test,seed,kind,roc_auc,f1,mcc
phiusiil,phiusiil,42,within,0.9988740980573543,0.9977355861348197,0.996012738680028
phiusiil,phiusiil,43,within,0.9984755020464178,0.9974619289340102,0.995394493254863
phiusiil,phiusiil,44,within,0.9980176959603502,0.9945977514965688,0.992360139651461
phiusiil,phiusiil,45,within,0.9989511849141142,0.9979263355386591,0.99639355517989
phiusiil,phiusiil,46,within,0.9979025631253882,0.9961089494163424,0.9941069346787079
phiusiil,hannousse,42,cross,0.6935510992009638,0.6672511543632007,0.03435052055840428
phiusiil,hannousse,43,cross,0.6909278816088495,0.6672511543632007,0.03435052055840428
phiusiil,hannousse,44,cross,0.6796192273866031,0.6672511543632007,0.03435052055840428
phiusiil,hannousse,45,cross,0.6811757979071513,0.6672511543632007,0.03435052055840428
phiusiil,hannousse,46,cross,0.6947201153661566,0.6672511543632007,0.03435052055840428
phiusiil,kaggle_malicious,42,cross,0.24668889849304676,0.30577870646204236,-0.012301498583133065
phiusiil,kaggle_malicious,43,cross,0.26611293454014884,0.30577870646204236,-0.012301498583133065
phiusiil,kaggle_malicious,44,cross,0.2436224752083534,0.30577870646204236,-0.012301498583133065
phiusiil,kaggle_malicious,45,cross,0.22760731703634374,0.30577870646204236,-0.012301498583133065
phiusiil,kaggle_malicious,46,cross,0.22939719311205584,0.30577870646204236,-0.012301498583133065
phiusiil,mendeley_phishurl,42,cross,0.9209679820678298,0.4807085411788659,0.030713846253623375
phiusiil,mendeley_phishurl,43,cross,0.9357479146322938,0.48072787427626135,0.03108093297980932
phiusiil,mendeley_phishurl,44,cross,0.9297893791648422,0.48072787427626135,0.03108093297980932
phiusiil,mendeley_phishurl,45,cross,0.9283684795699498,0.4807085411788659,0.030713846253623375
phiusiil,mendeley_phishurl,46,cross,0.9331562262076115,0.48068920758942774,0.03034786740329386
hannousse,phiusiil,42,cross,0.8720355623290726,0.7610939466758211,0.6540731032043555
hannousse,phiusiil,43,cross,0.8542467092967556,0.756579397087976,0.6442240823925967
hannousse,phiusiil,44,cross,0.8633786145019358,0.7596540995607614,0.6515309776044943
hannousse,phiusiil,45,cross,0.8548680541165332,0.761076453713401,0.6509806496129096
hannousse,phiusiil,46,cross,0.8570625093833063,0.75125702454895,0.6347857614075829
hannousse,hannousse,42,within,0.9463022508038585,0.8747514910536779,0.7326385060789888
hannousse,hannousse,43,within,0.9308049535603715,0.8270756213643575,0.6883083485692159
hannousse,hannousse,44,within,0.9430276661633352,0.8620870477189303,0.7337321966373855
hannousse,hannousse,45,within,0.9473880200774496,0.873697373905794,0.7451464727375288
hannousse,hannousse,46,within,0.9507785779533915,0.8753437213565536,0.7683697704703374
hannousse,kaggle_malicious,42,cross,0.5610630696768042,0.2841680655425551,0.03652216884952643
hannousse,kaggle_malicious,43,cross,0.5548190137141427,0.27632229362333166,0.02092904690882214
hannousse,kaggle_malicious,44,cross,0.559628843210555,0.27889899213917846,0.02501527753418023
hannousse,kaggle_malicious,45,cross,0.5538206528840227,0.27541435105493534,0.018571580997448135
hannousse,kaggle_malicious,46,cross,0.5512931344952559,0.2693300248138958,0.00930545723043445
hannousse,mendeley_phishurl,42,cross,0.9398403319544943,0.8080194410692588,0.7140480911268784
hannousse,mendeley_phishurl,43,cross,0.9401868046837871,0.8042584079361239,0.7082909223759282
hannousse,mendeley_phishurl,44,cross,0.9399176237067478,0.8064930345245306,0.7117120014940347
hannousse,mendeley_phishurl,45,cross,0.940916045601213,0.806261946817005,0.7113607355566494
hannousse,mendeley_phishurl,46,cross,0.939335969702837,0.8034493586801613,0.7070538561843464
kaggle_malicious,phiusiil,42,cross,0.39977689860541077,0.5384924549672988,-0.28831083934919405
kaggle_malicious,phiusiil,43,cross,0.390496618259161,0.5361747807311807,-0.29396073825556257
kaggle_malicious,phiusiil,44,cross,0.362180198154059,0.5365139762915264,-0.29314016423403544
kaggle_malicious,phiusiil,45,cross,0.35373465103654667,0.535388671231372,-0.2958543857178182
kaggle_malicious,phiusiil,46,cross,0.32706579011484044,0.5362640579639433,-0.29374496637881026
kaggle_malicious,hannousse,42,cross,0.4595789349603391,0.5027760641579272,-0.13317199269414157
kaggle_malicious,hannousse,43,cross,0.4576295898270809,0.4981097137566546,-0.14347693432130817
kaggle_malicious,hannousse,44,cross,0.46930217712287275,0.5012353304508956,-0.13524292507045463
kaggle_malicious,hannousse,45,cross,0.46348475906828357,0.4967107808993112,-0.14282924280567474
kaggle_malicious,hannousse,46,cross,0.458905889169803,0.4959876543209877,-0.14837308628244197
kaggle_malicious,kaggle_malicious,42,within,0.9363164471914723,0.7906452521837137,0.7561513226911811
kaggle_malicious,kaggle_malicious,43,within,0.9392204191008234,0.7114769090077732,0.6638495244718453
kaggle_malicious,kaggle_malicious,44,within,0.9409744505967265,0.7711429343420697,0.7283601658636815
kaggle_malicious,kaggle_malicious,45,within,0.946549742857639,0.7222222222222222,0.6702501780801152
kaggle_malicious,kaggle_malicious,46,within,0.9498135097800336,0.8020428015564203,0.7612247543542874
kaggle_malicious,mendeley_phishurl,42,cross,0.20037002230282988,0.26831525668835865,-0.6377217087450223
kaggle_malicious,mendeley_phishurl,43,cross,0.189815829416969,0.26663773775945615,-0.6426905993213208
kaggle_malicious,mendeley_phishurl,44,cross,0.20896357747200642,0.26742301458670986,-0.6386979995658385
kaggle_malicious,mendeley_phishurl,45,cross,0.20701467447889038,0.2663462095326345,-0.6407250076433098
kaggle_malicious,mendeley_phishurl,46,cross,0.20407787791738663,0.2680495884505779,-0.6376927990542255
mendeley_phishurl,phiusiil,42,cross,0.9786991456791043,0.9498751234245223,0.9121052793992377
mendeley_phishurl,phiusiil,43,cross,0.9789697526903804,0.9495524816924329,0.9115659568461801
mendeley_phishurl,phiusiil,44,cross,0.978689583034173,0.9501617370755613,0.9126277794669905
mendeley_phishurl,phiusiil,45,cross,0.9786245987216288,0.9511617064262957,0.9145141768080832
mendeley_phishurl,phiusiil,46,cross,0.9788900164807128,0.9507878975830054,0.9137545774446025
mendeley_phishurl,hannousse,42,cross,0.7801560259910645,0.7255664298163292,0.3580619688149991
mendeley_phishurl,hannousse,43,cross,0.7830275502526314,0.7267730258747821,0.36203798080677574
mendeley_phishurl,hannousse,44,cross,0.7865033537474483,0.7265048934173481,0.3611544225863809
mendeley_phishurl,hannousse,45,cross,0.7797245051280226,0.7267854750100495,0.3620900885973088
mendeley_phishurl,hannousse,46,cross,0.7818568960594711,0.7254441837076768,0.35765859761897256
mendeley_phishurl,kaggle_malicious,42,cross,0.22912569061968346,0.30323602625028284,-0.08304309473443951
mendeley_phishurl,kaggle_malicious,43,cross,0.24902198610709644,0.30328402115803466,-0.0821457775509718
mendeley_phishurl,kaggle_malicious,44,cross,0.2513865252611786,0.30311602710080765,-0.08524815978229165
mendeley_phishurl,kaggle_malicious,45,cross,0.22637479672568014,0.3031640287973296,-0.08437253381928395
mendeley_phishurl,kaggle_malicious,46,cross,0.23357488035960544,0.30321202777817063,-0.08348841462612869
mendeley_phishurl,mendeley_phishurl,42,within,0.994596924534955,0.9840830449826989,0.9781518834381592
mendeley_phishurl,mendeley_phishurl,43,within,0.9970992389766339,0.9595583823352934,0.9437687046522647
mendeley_phishurl,mendeley_phishurl,44,within,0.9936790218470959,0.9627425981017141,0.9484570118080574
mendeley_phishurl,mendeley_phishurl,45,within,0.9952553509493348,0.9730673316708229,0.9610028371890981
mendeley_phishurl,mendeley_phishurl,46,within,0.9969341347086276,0.9698209718670077,0.9528683738012232
